{"type": "FeatureCollection", "features": [{"type": "Feature", "properties": {"site": "Dunkerque", "zone": "Abords de Dunkerque", "latitude": 51.05, "longitude": 2.366667, "et": 12.16, "date_ch": null, "phma": 6.48, "pmve": 6.05, "pmme": 5, "nm": 3.24, "bmve": 0.6, "bmme": 1.5, "pbma": -0.01, "rf": "N.A.L3 - 7", "organisme": "IGN", "date_rf": 2013, "rf_zh": 9.504, "rf_ref": 6.811, "zh_ref": -2.693, "zh_elli": 40.845, "reference": "IGN69"}, "geometry": null}, {"type": "Feature", "properties": {"site": "Banc du Sandettié", "zone": "Abords de Dunkerque", "latitude": 51.25, "longitude": 2.05, "et": 11.95, "date_ch": null, "phma": 5.81, "pmve": 5.4, "pmme": 4.45, "nm": 2.89, "bmve": 0.55, "bmme": 1.35, "pbma": -0.02, "rf": "pas de rattachement", "organisme": null, "date_rf": null, "rf_zh": null, "rf_ref": null, "zh_ref": null, "zh_elli": null, "reference": null}, "geometry": null}, {"type": "Feature", "properties": {"site": "Dunkerque Ouest", "zone": "Abords de Dunkerque", "latitude": 51.0225, "longitude": 2.180833, "et": 11.97, "date_ch": null, "phma": 6.88, "pmve": 6.4, "pmme": 5.3, "nm": 3.43, "bmve": 0.6, "bmme": 1.55, "pbma": -0.04, "rf": "pas de rattachement", "organisme": null, "date_rf": null, "rf_zh": null, "rf_ref": null, "zh_ref": null, "zh_elli": null, "reference": null}, "geometry": null}, {"type": "Feature", "properties": {"site": "Gravelines", "zone": "Abords de Dunkerque", "latitude": 51.016667, "longitude": 2.1, "et": 11.94, "date_ch": null, "phma": 6.96, "pmve": 6.5, "pmme": 5.35, "nm": 3.49, "bmve": 0.65, "bmme": 1.6, "pbma": 0.05, "rf": "pas de rattachement", "organisme": null, "date_rf": null, "rf_zh": null, "rf_ref": null, "zh_ref": null, "zh_elli": null, "reference": null}, "geometry": null}, {"type": "Feature", "properties": {"site": "Calais", "zone": "Abords de Calais", "latitude": 50.969333, "longitude": 1.8675, "et": 11.76, "date_ch": 2010, "phma": 7.9, "pmve": 7.3, "pmme": 6.05, "nm": 4.03, "bmve": 0.8, "bmme": 2.05, "pbma": 0.19, "rf": "N.A.L3-159", "organisme": "IGN", "date_rf": 2016, "rf_zh": 9.418, "rf_ref": 5.959, "zh_ref": -3.459, "zh_elli": 40.007, "reference": "IGN69"}, "geometry": null}, {"type": "Feature", "properties": {"site": "Wissant", "zone": "Abords de Calais", "latitude": 50.883333, "longitude": 1.666667, "et": 11.53, "date_ch": null, "phma": 8.62, "pmve": 8, "pmme": 6.6, "nm": 4.44, "bmve": 1, "bmme": 2.35, "pbma": 0.39, "rf": "pas de rattachement", "organisme": null, "date_rf": null, "rf_zh": null, "rf_ref": null, "zh_ref": null, "zh_elli": null, "reference": null}, "geometry": null}, {"type": "Feature", "properties": {"site": "Boulogne-sur-Mer", "zone": "Abords de Boulogne-sur-Mer", "latitude": 50.72745, "longitude": 1.5777, "et": 11.36, "date_ch": 2017, "phma": 9.67, "pmve": 9, "pmme": 7.3, "nm": 5, "bmve": 1.15, "bmme": 2.7, "pbma": 0.39, "rf": "N.BC-3 BIS", "organisme": "IGN", "date_rf": 2016, "rf_zh": 12.867, "rf_ref": 8.485, "zh_ref": -4.382, "zh_elli": 39.36, "reference": "IGN69"}, "geometry": null}, {"type": "Feature", "properties": {"site": "Banc du Vergoyer", "zone": "Abords de Boulogne-sur-Mer", "latitude": 50.594167, "longitude": 1.330333, "et": 11.15, "date_ch": null, "phma": 9.55, "pmve": 8.9, "pmme": 7.2, "nm": 4.92, "bmve": 1.05, "bmme": 2.65, "pbma": 0.33, "rf": "pas de rattachement", "organisme": null, "date_rf": null, "rf_zh": null, "rf_ref": null, "zh_ref": null, "zh_elli": null, "reference": null}, "geometry": null}, {"type": "Feature", "properties": {"site": "Le Touquet-Étaples", "zone": "Abords de Boulogne-sur-Mer", "latitude": 50.5153, "longitude": 1.561, "et": 11.1, "date_ch": 2012, "phma": 10.14, "pmve": 9.45, "pmme": 7.6, "nm": 5.2, "bmve": 1.15, "bmme": 2.8, "pbma": 0.36, "rf": "N.C.L3-52", "organisme": "IGN", "date_rf": 1982, "rf_zh": 14.58, "rf_ref": 10.135, "zh_ref": -4.445, "zh_elli": 40.667, "reference": "IGN69"}, "geometry": null}, {"type": "Feature", "properties": {"site": "Berck Plage - Fort Mahon", "zone": "Abords de Boulogne-sur-Mer", "latitude": 50.341667, "longitude": 1.515833, "et": 11.05, "date_ch": null, "phma": 10.54, "pmve": 9.75, "pmme": 7.85, "nm": 5.37, "bmve": 1.15, "bmme": 2.95, "pbma": 0.29, "rf": "N.C.L3 - 4A", "organisme": "IGN", "date_rf": 1952, "rf_zh": null, "rf_ref": 5.709, "zh_ref": null, "zh_elli": null, "reference": "IGN69"}, "geometry": null}, {"type": "Feature", "properties": {"site": "Le Crotoy", "zone": "Abords de Boulogne-sur-Mer", "latitude": 50.216667, "longitude": 1.633333, "et": null, "date_ch": null, "phma": null, "pmve": 10.35, "pmme": 8.25, "nm": null, "bmve": null, "bmme": null, "pbma": null, "rf": "N.C.M3 - 31a", "organisme": "IGN", "date_rf": 1989, "rf_zh": null, "rf_ref": 7.764, "zh_ref": null, "zh_elli": null, "reference": "IGN69"}, "geometry": null}, {"type": "Feature", "properties": {"site": "Saint-Valery-sur-Somme", "zone": "Abords de Boulogne-sur-Mer", "latitude": 50.183333, "longitude": 1.616667, "et": 11.45, "date_ch": null, "phma": null, "pmve": 10.35, "pmme": 8.25, "nm": null, "bmve": null, "bmme": null, "pbma": null, "rf": "pas de rattachement", "organisme": null, "date_rf": null, "rf_zh": null, "rf_ref": null, "zh_ref": null, "zh_elli": null, "reference": null}, "geometry": null}, {"type": "Feature", "properties": {"site": "Le Hourdel", "zone": "Abords de Boulogne-sur-Mer", "latitude": 50.216667, "longitude": 1.566667, "et": 11.2, "date_ch": null, "phma": null, "pmve": 10.25, "pmme": 8.15, "nm": null, "bmve": null, "bmme": null, "pbma": null, "rf": "pas de rattachement", "organisme": null, "date_rf": null, "rf_zh": null, "rf_ref": null, "zh_ref": null, "zh_elli": null, "reference": null}, "geometry": null}, {"type": "Feature", "properties": {"site": "Cayeux-sur-Mer", "zone": "Abords de Boulogne-sur-Mer", "latitude": 50.183333, "longitude": 1.483333, "et": 10.92, "date_ch": null, "phma": 10.58, "pmve": 9.85, "pmme": 8, "nm": 5.49, "bmve": 1.2, "bmme": 3, "pbma": 0.42, "rf": "pas de rattachement", "organisme": null, "date_rf": null, "rf_zh": null, "rf_ref": null, "zh_ref": null, "zh_elli": null, "reference": null}, "geometry": null}, {"type": "Feature", "properties": {"site": "Bouée entrée Baie de Somme (AT-SO)", "zone": "Abords de Boulogne-sur-Mer", "latitude": 50.235231, "longitude": 1.472297, "et": 10.9, "date_ch": 2012, "phma": 10.67, "pmve": 9.85, "pmme": 7.9, "nm": 5.42, "bmve": 1.2, "bmme": 2.9, "pbma": 0.32, "rf": "pas de rattachement", "organisme": null, "date_rf": null, "rf_zh": null, "rf_ref": null, "zh_ref": null, "zh_elli": null, "reference": null}, "geometry": null}, {"type": "Feature", "properties": {"site": "Dieppe", "zone": "Abords de Dieppe", "latitude": 49.93, "longitude": 1.085, "et": 10.73, "date_ch": 2022, "phma": 10.37, "pmve": 9.5, "pmme": 7.5, "nm": 5.08, "bmve": 0.95, "bmme": 2.7, "pbma": 0.07, "rf": "N.C.P3 - 2", "organisme": "IGN", "date_rf": 2013, "rf_zh": 10.33, "rf_ref": 5.876, "zh_ref": -4.454, "zh_elli": 39.721, "reference": "IGN69"}, "geometry": null}, {"type": "Feature", "properties": {"site": "Le Tréport", "zone": "Abords de Dieppe", "latitude": 50.066667, "longitude": 1.366667, "et": 10.81, "date_ch": null, "phma": 10.31, "pmve": 9.5, "pmme": 7.5, "nm": 5.05, "bmve": 0.9, "bmme": 2.6, "pbma": 0.1, "rf": "N.C.N3P3 - 3", "organisme": "IGN", "date_rf": 2013, "rf_zh": 10.053, "rf_ref": 5.521, "zh_ref": -4.532, "zh_elli": 39.571, "reference": "IGN69"}, "geometry": null}, {"type": "Feature", "properties": {"site": "Saint-Valery-en-Caux", "zone": "Abords de Dieppe", "latitude": 49.883333, "longitude": 0.72, "et": 10.54, "date_ch": null, "phma": 9.59, "pmve": 8.85, "pmme": 7, "nm": 4.72, "bmve": 0.75, "bmme": 2.45, "pbma": -0.05, "rf": "NN' - 240", "organisme": "IGN", "date_rf": 1998, "rf_zh": 14.895, "rf_ref": 10.62, "zh_ref": -4.275, "zh_elli": null, "reference": "IGN69"}, "geometry": null}, {"type": "Feature", "properties": {"site": "Cherbourg", "zone": "Abords de Cherbourg et du Havre", "latitude": 49.651167, "longitude": -1.6355, "et": 7.88, "date_ch": 2011, "phma": 7.15, "pmve": 6.45, "pmme": 5.1, "nm": 3.87, "bmve": 1.15, "bmme": 2.6, "pbma": 0.33, "rf": "N.Q.Z3-3", "organisme": "IGN", "date_rf": 2006, "rf_zh": 9.238, "rf_ref": 5.953, "zh_ref": -3.285, "zh_elli": 43.713, "reference": "IGN69"}, "geometry": null}, {"type": "Feature", "properties": {"site": "Fécamp", "zone": "Abords de Cherbourg et du Havre", "latitude": 49.76235, "longitude": 0.36705, "et": 10.22, "date_ch": 2012, "phma": 9.27, "pmve": 8.55, "pmme": 6.95, "nm": 4.96, "bmve": 1.25, "bmme": 2.85, "pbma": 0.4, "rf": "NN'-169", "organisme": "IGN", "date_rf": 1998, "rf_zh": 12.274, "rf_ref": 7.839, "zh_ref": -4.435, "zh_elli": null, "reference": "IGN69"}, "geometry": null}, {"type": "Feature", "properties": {"site": "Étretat", "zone": "Abords de Cherbourg et du Havre", "latitude": 49.713333, "longitude": 0.198333, "et": 10.11, "date_ch": null, "phma": 8.76, "pmve": 8.25, "pmme": 6.75, "nm": 4.8, "bmve": 1.25, "bmme": 2.85, "pbma": 0.36, "rf": "N.C.T3U3 - 23", "organisme": "IGN", "date_rf": 2008, "rf_zh": 11.565, "rf_ref": 7.198, "zh_ref": -4.367, "zh_elli": null, "reference": "IGN69"}, "geometry": null}, {"type": "Feature", "properties": {"site": "Le Havre", "zone": "Abords de Cherbourg et du Havre", "latitude": 49.481667, "longitude": 0.106167, "et": 9.85, "date_ch": 2011, "phma": 8.56, "pmve": 8, "pmme": 6.7, "nm": 4.96, "bmve": 1.25, "bmme": 2.95, "pbma": 0.3, "rf": "N.CP-15", "organisme": "IGN", "date_rf": 2016, "rf_zh": 9.767, "rf_ref": 5.392, "zh_ref": -4.375, "zh_elli": 40.651, "reference": "IGN69"}, "geometry": null}, {"type": "Feature", "properties": {"site": "Le Havre-Antifer (Terminal pétrolier)", "zone": "Abords de Cherbourg et du Havre", "latitude": 49.65, "longitude": 0.15, "et": 9.94, "date_ch": null, "phma": 8.56, "pmve": 8.1, "pmme": 6.75, "nm": 4.87, "bmve": 1.3, "bmme": 2.95, "pbma": 0.44, "rf": "Repère du Grouin Type PAH. Rivet scellé au pied de la falaise à l'extrémité Nord Est du port pétrolier, derrière les cuves de carburant.", "organisme": "Shom", "date_rf": 1990, "rf_zh": 13.377, "rf_ref": 8.967, "zh_ref": -4.41, "zh_elli": null, "reference": "IGN69"}, "geometry": null}, {"type": "Feature", "properties": {"site": "Alpha-Baie de Seine", "zone": "Abords de Cherbourg et du Havre", "latitude": 49.859731, "longitude": -0.388656, "et": 9.96, "date_ch": 2014, "phma": 7.28, "pmve": 6.8, "pmme": 5.6, "nm": 4.11, "bmve": 1.05, "bmme": 2.45, "pbma": 0.3, "rf": "pas de rattachement", "organisme": null, "date_rf": null, "rf_zh": null, "rf_ref": null, "zh_ref": null, "zh_elli": null, "reference": null}, "geometry": null}, {"type": "Feature", "properties": {"site": "PK 364,775 : Balise A", "zone": "Abords de Cherbourg et du Havre", "latitude": 49.433333, "longitude": 0.121667, "et": 9.83, "date_ch": null, "phma": 8.64, "pmve": 8, "pmme": 6.65, "nm": 4.91, "bmve": 1.3, "bmme": 2.95, "pbma": 0.21, "rf": "Coin Nord Est de la plateforme supérieure de la balise A", "organisme": "Shom", "date_rf": 2013, "rf_zh": 15.66, "rf_ref": 11.28, "zh_ref": -4.38, "zh_elli": 39.78, "reference": "IGN69"}, "geometry": null}, {"type": "Feature", "properties": {"site": "PK 355,850 : Honfleur", "zone": "Abords de Cherbourg et du Havre", "latitude": 49.416667, "longitude": 0.233333, "et": 10, "date_ch": null, "phma": 8.56, "pmve": 8.05, "pmme": 6.75, "nm": 5.03, "bmve": 1.65, "bmme": 3, "pbma": 0.57, "rf": "CN - 215", "organisme": "IGN", "date_rf": 2016, "rf_zh": 9.878, "rf_ref": 5.499, "zh_ref": -4.379, "zh_elli": null, "reference": "IGN69"}, "geometry": null}, {"type": "Feature", "properties": {"site": "Trouville-Deauville", "zone": "Abords de Cherbourg et du Havre", "latitude": 49.366667, "longitude": 0.083333, "et": 9.83, "date_ch": null, "phma": 8.94, "pmve": 8.4, "pmme": 7, "nm": 5.15, "bmve": 1.35, "bmme": 3.2, "pbma": 0.31, "rf": "pas de rattachement", "organisme": null, "date_rf": null, "rf_zh": null, "rf_ref": null, "zh_ref": null, "zh_elli": null, "reference": null}, "geometry": null}, {"type": "Feature", "properties": {"site": "Dives-sur-Mer", "zone": "Abords de Cherbourg et du Havre", "latitude": 49.3, "longitude": -0.1, "et": 9.79, "date_ch": null, "phma": 8.83, "pmve": 8.3, "pmme": 6.9, "nm": 5.08, "bmve": 1.35, "bmme": 3.15, "pbma": 0.29, "rf": "pas de rattachement", "organisme": null, "date_rf": null, "rf_zh": null, "rf_ref": null, "zh_ref": null, "zh_elli": null, "reference": null}, "geometry": null}, {"type": "Feature", "properties": {"site": "Ouistreham", "zone": "Abords de Cherbourg et du Havre", "latitude": 49.283333, "longitude": -0.25, "et": 9.7, "date_ch": 2022, "phma": 8.32, "pmve": 7.75, "pmme": 6.5, "nm": 4.8, "bmve": 1.15, "bmme": 2.8, "pbma": 0.31, "rf": "N.P.K3-2", "organisme": "IGN", "date_rf": 1987, "rf_zh": 10.11, "rf_ref": 6.03, "zh_ref": -4.08, "zh_elli": 41.731, "reference": "IGN69"}, "geometry": null}, {"type": "Feature", "properties": {"site": "Courseulles-sur-Mer", "zone": "Abords de Cherbourg et du Havre", "latitude": 49.335, "longitude": -0.46, "et": null, "date_ch": null, "phma": null, "pmve": null, "pmme": null, "nm": null, "bmve": null, "bmme": null, "pbma": null, "rf": "Repère de nivellement SHOM implanté horizontalement à l'extrémité du quai de la digue Est.", "organisme": "Shom", "date_rf": 1988, "rf_zh": 9.114, "rf_ref": 5.124, "zh_ref": -3.99, "zh_elli": null, "reference": "IGN69"}, "geometry": null}, {"type": "Feature", "properties": {"site": "Courseulles-sur-Mer (Large)", "zone": "Abords de Cherbourg et du Havre", "latitude": 49.4, "longitude": -0.466667, "et": 9.6, "date_ch": 2011, "phma": 8.02, "pmve": 7.4, "pmme": 6.15, "nm": 4.59, "bmve": 1.15, "bmme": 2.65, "pbma": 0.27, "rf": "pas de rattachement", "organisme": null, "date_rf": null, "rf_zh": null, "rf_ref": null, "zh_ref": null, "zh_elli": null, "reference": null}, "geometry": null}, {"type": "Feature", "properties": {"site": "Arromanches-les-Bains", "zone": "Abords de Cherbourg et du Havre", "latitude": 49.3555, "longitude": -0.62, "et": 9.47, "date_ch": null, "phma": 7.89, "pmve": 7.4, "pmme": 6.1, "nm": 4.43, "bmve": 1.1, "bmme": 2.7, "pbma": 0.24, "rf": "N.P.K3P3-32", "organisme": "IGN", "date_rf": 1986, "rf_zh": 15.98, "rf_ref": 11.961, "zh_ref": -4.019, "zh_elli": null, "reference": "IGN69"}, "geometry": null}, {"type": "Feature", "properties": {"site": "Port-en-Bessin", "zone": "Abords de Cherbourg et du Havre", "latitude": 49.351389, "longitude": -0.755556, "et": 9.41, "date_ch": null, "phma": 7.88, "pmve": 7.35, "pmme": 6.05, "nm": 4.4, "bmve": 1.15, "bmme": 2.7, "pbma": 0.3, "rf": "N.P.K3O3 - 55", "organisme": "IGN", "date_rf": 1986, "rf_zh": 20.905, "rf_ref": 17.008, "zh_ref": -3.897, "zh_elli": null, "reference": "IGN69"}, "geometry": null}, {"type": "Feature", "properties": {"site": "Grandcamp (Entrée chenal de Carentan)", "zone": "Abords de Cherbourg et du Havre", "latitude": 49.420179, "longitude": -1.086623, "et": 9.24, "date_ch": null, "phma": 7.58, "pmve": 7.1, "pmme": 5.8, "nm": 4.4, "bmve": 1.2, "bmme": 2.6, "pbma": 0.52, "rf": "N.P.K3O3 - 21", "organisme": "IGN", "date_rf": 2009, "rf_zh": 10.645, "rf_ref": 6.558, "zh_ref": -4.087, "zh_elli": null, "reference": "IGN69"}, "geometry": null}, {"type": "Feature", "properties": {"site": "Îles Saint-Marcouf", "zone": "Abords de Cherbourg et du Havre", "latitude": 49.5, "longitude": -1.133333, "et": 9.23, "date_ch": null, "phma": 7.43, "pmve": 6.9, "pmme": 5.6, "nm": 4.28, "bmve": 1.1, "bmme": 2.6, "pbma": 0.49, "rf": "pas de rattachement", "organisme": null, "date_rf": null, "rf_zh": null, "rf_ref": null, "zh_ref": null, "zh_elli": null, "reference": null}, "geometry": null}, {"type": "Feature", "properties": {"site": "Saint-Vaast-la-Hougue", "zone": "Abords de Cherbourg et du Havre", "latitude": 49.587667, "longitude": -1.264333, "et": 9.16, "date_ch": 2017, "phma": 7.36, "pmve": 6.8, "pmme": 5.5, "nm": 4.08, "bmve": 1.05, "bmme": 2.5, "pbma": 0.29, "rf": "N.P.K3M3-45", "organisme": "IGN", "date_rf": 1985, "rf_zh": 11.054, "rf_ref": 7.58, "zh_ref": -3.474, "zh_elli": 42.874, "reference": "IGN69"}, "geometry": null}, {"type": "Feature", "properties": {"site": "Barfleur", "zone": "Abords de Cherbourg et du Havre", "latitude": 49.666667, "longitude": -1.25, "et": 8.94, "date_ch": 2012, "phma": 7.17, "pmve": 6.55, "pmme": 5.4, "nm": 4.02, "bmve": 1.2, "bmme": 2.6, "pbma": 0.57, "rf": "N.P.K3M3 - 69", "organisme": "IGN", "date_rf": 2010, "rf_zh": 7.28, "rf_ref": 3.727, "zh_ref": -3.553, "zh_elli": 42.801, "reference": "IGN69"}, "geometry": null}, {"type": "Feature", "properties": {"site": "Omonville-la-Rogue", "zone": "Abords de Cherbourg et du Havre", "latitude": 49.713833, "longitude": -1.834667, "et": 7.65, "date_ch": null, "phma": 6.93, "pmve": 6.3, "pmme": 5.05, "nm": 3.77, "bmve": 1.15, "bmme": 2.6, "pbma": 0.27, "rf": "N.Q.Y3Z3 - 5", "organisme": "IGN", "date_rf": 2010, "rf_zh": 8.325, "rf_ref": 5.068, "zh_ref": -3.257, "zh_elli": null, "reference": "IGN69"}, "geometry": null}, {"type": "Feature", "properties": {"site": "Saint-Malo", "zone": "Abords de Saint-Malo", "latitude": 48.641167, "longitude": -2.0275, "et": 6.13, "date_ch": 2014, "phma": 13.59, "pmve": 12.2, "pmme": 9.3, "nm": 6.78, "bmve": 1.5, "bmme": 4.3, "pbma": 0.01, "rf": "N.Q.K3L3-45", "organisme": "IGN", "date_rf": 2013, "rf_zh": 14.485, "rf_ref": 8.196, "zh_ref": -6.289, "zh_elli": 41.981, "reference": "IGN69"}, "geometry": null}, {"type": "Feature", "properties": {"site": "Goury", "zone": "Abords de Saint-Malo", "latitude": 49.714167, "longitude": -1.948667, "et": 7.02, "date_ch": 2014, "phma": 8.83, "pmve": 8.1, "pmme": 6.7, "nm": 5.06, "bmve": 1.3, "bmme": 3.5, "pbma": 0.13, "rf": "N.Q.X3.Z3 - 2", "organisme": "IGN", "date_rf": 1984, "rf_zh": 10.471, "rf_ref": 5.644, "zh_ref": -4.827, "zh_elli": 42.629, "reference": "IGN69"}, "geometry": null}, {"type": "Feature", "properties": {"site": "Herqueville", "zone": "Abords de Saint-Malo", "latitude": 49.658333, "longitude": -1.889167, "et": 6.75, "date_ch": 2017, "phma": 10.9, "pmve": 9.8, "pmme": 7.45, "nm": 5.51, "bmve": 1.3, "bmme": 3.55, "pbma": 0.2, "rf": "N.Q.X3Y3-6", "organisme": "IGN", "date_rf": 1984, "rf_zh": 169.994, "rf_ref": 165.123, "zh_ref": -4.871, "zh_elli": 42.524, "reference": "IGN69"}, "geometry": null}, {"type": "Feature", "properties": {"site": "Diélette", "zone": "Abords de Saint-Malo", "latitude": 49.55445, "longitude": -1.863883, "et": 6.7, "date_ch": 2018, "phma": 10.86, "pmve": 9.75, "pmme": 7.5, "nm": 5.49, "bmve": 1.3, "bmme": 3.55, "pbma": 0.17, "rf": "N.Q.X3-12", "organisme": "IGN", "date_rf": 1987, "rf_zh": 30.962, "rf_ref": 26.05, "zh_ref": -4.912, "zh_elli": 42.637, "reference": "IGN69"}, "geometry": null}, {"type": "Feature", "properties": {"site": "Carteret", "zone": "Abords de Saint-Malo", "latitude": 49.372833, "longitude": -1.787, "et": 6.55, "date_ch": 2017, "phma": 12.07, "pmve": 10.9, "pmme": 8.3, "nm": 5.95, "bmve": 1.35, "bmme": 3.8, "pbma": 0.07, "rf": "N.Q.S3X3 - 4", "organisme": "IGN", "date_rf": 2010, "rf_zh": 14.795, "rf_ref": 9.562, "zh_ref": -5.233, "zh_elli": null, "reference": "IGN69"}, "geometry": null}, {"type": "Feature", "properties": {"site": "Portbail", "zone": "Abords de Saint-Malo", "latitude": 49.306833, "longitude": -1.744667, "et": 6.56, "date_ch": null, "phma": 12.71, "pmve": 11.45, "pmme": 8.75, "nm": 6.32, "bmve": 1.4, "bmme": 4, "pbma": 0.1, "rf": "N.Q.S.3.U3 - 22", "organisme": "IGN", "date_rf": 2010, "rf_zh": 19.69, "rf_ref": 13.951, "zh_ref": -5.739, "zh_elli": null, "reference": "IGN69"}, "geometry": null}, {"type": "Feature", "properties": {"site": "Saint-Germain-sur-Ay", "zone": "Abords de Saint-Malo", "latitude": 49.2, "longitude": -1.666667, "et": 6.51, "date_ch": null, "phma": 13.09, "pmve": 11.7, "pmme": 8.9, "nm": 6.42, "bmve": 1.35, "bmme": 4, "pbma": 0, "rf": "pas de rattachement", "organisme": null, "date_rf": null, "rf_zh": null, "rf_ref": null, "zh_ref": null, "zh_elli": null, "reference": null}, "geometry": null}, {"type": "Feature", "properties": {"site": "Le Sénéquet", "zone": "Abords de Saint-Malo", "latitude": 49.099, "longitude": -1.685167, "et": 6.47, "date_ch": null, "phma": 13.39, "pmve": 12, "pmme": 9.15, "nm": 6.65, "bmve": 1.45, "bmme": 4.25, "pbma": 0.07, "rf": "pas de rattachement", "organisme": null, "date_rf": null, "rf_zh": null, "rf_ref": null, "zh_ref": null, "zh_elli": null, "reference": null}, "geometry": null}, {"type": "Feature", "properties": {"site": "Pointe d'Agon", "zone": "Abords de Saint-Malo", "latitude": 48.9885, "longitude": -1.621833, "et": 6.42, "date_ch": null, "phma": 14.07, "pmve": 12.7, "pmme": 9.7, "nm": 7.05, "bmve": 1.55, "bmme": 4.45, "pbma": -0.06, "rf": "pas de rattachement", "organisme": null, "date_rf": null, "rf_zh": null, "rf_ref": null, "zh_ref": null, "zh_elli": null, "reference": null}, "geometry": null}, {"type": "Feature", "properties": {"site": "Les Ardentes", "zone": "Abords de Saint-Malo", "latitude": 48.964833, "longitude": -1.8605, "et": 6.35, "date_ch": null, "phma": 13.57, "pmve": 12.25, "pmme": 9.35, "nm": 6.73, "bmve": 1.55, "bmme": 4.4, "pbma": -0.03, "rf": "pas de rattachement", "organisme": null, "date_rf": null, "rf_zh": null, "rf_ref": null, "zh_ref": null, "zh_elli": null, "reference": null}, "geometry": null}, {"type": "Feature", "properties": {"site": "Grande-Île (Îles Chausey)", "zone": "Abords de Saint-Malo", "latitude": 48.866667, "longitude": -1.816667, "et": 6.31, "date_ch": null, "phma": 14.44, "pmve": 12.9, "pmme": 10, "nm": 7.38, "bmve": 1.9, "bmme": 4.85, "pbma": 0.42, "rf": "pas de rattachement", "organisme": null, "date_rf": null, "rf_zh": null, "rf_ref": null, "zh_ref": null, "zh_elli": null, "reference": null}, "geometry": null}, {"type": "Feature", "properties": {"site": "Granville", "zone": "Abords de Saint-Malo", "latitude": 48.834167, "longitude": -1.644333, "et": 6.34, "date_ch": 2014, "phma": 14.26, "pmve": 12.85, "pmme": 9.8, "nm": 7.1, "bmve": 1.5, "bmme": 4.55, "pbma": -0.13, "rf": "N.Q.K3S3 - 30", "organisme": "IGN", "date_rf": 2010, "rf_zh": 15.462, "rf_ref": 8.842, "zh_ref": -6.62, "zh_elli": 41.205, "reference": "IGN69"}, "geometry": null}, {"type": "Feature", "properties": {"site": "Le Mont-Saint-Michel", "zone": "Abords de Saint-Malo", "latitude": 48.633333, "longitude": -1.516667, "et": 6.21, "date_ch": null, "phma": 14.86, "pmve": 13.2, "pmme": null, "nm": 7.19, "bmve": null, "bmme": null, "pbma": null, "rf": "N.Q.K3 - 77", "organisme": "IGN", "date_rf": 1987, "rf_zh": 13.992, "rf_ref": 7.252, "zh_ref": -6.74, "zh_elli": null, "reference": "IGN69"}, "geometry": null}, {"type": "Feature", "properties": {"site": "Cancale", "zone": "Abords de Saint-Malo", "latitude": 48.68, "longitude": -1.826667, "et": 6.22, "date_ch": null, "phma": 14.52, "pmve": 13.05, "pmme": 9.95, "nm": 7.2, "bmve": 1.6, "bmme": 4.55, "pbma": 0.09, "rf": "N.Q.K3- 49 bis", "organisme": "IGN", "date_rf": 2010, "rf_zh": 55.565, "rf_ref": 48.791, "zh_ref": -6.774, "zh_elli": null, "reference": "IGN69"}, "geometry": null}, {"type": "Feature", "properties": {"site": "Saint-Briac-sur-Mer", "zone": "Abords de Saint-Malo", "latitude": 48.634, "longitude": -2.1685, "et": 6.04, "date_ch": 2012, "phma": 13.39, "pmve": 12.05, "pmme": 9.15, "nm": 6.68, "bmve": 1.5, "bmme": 4.25, "pbma": 0, "rf": "N.R.K3-154", "organisme": "IGN", "date_rf": 2010, "rf_zh": 19.508, "rf_ref": 13.289, "zh_ref": -6.219, "zh_elli": 42.177, "reference": "IGN69"}, "geometry": null}, {"type": "Feature", "properties": {"site": "Le Guildo", "zone": "Abords de Saint-Malo", "latitude": 48.575, "longitude": -2.2125, "et": null, "date_ch": null, "phma": null, "pmve": null, "pmme": null, "nm": null, "bmve": null, "bmme": null, "pbma": null, "rf": "N.R.K3Q3 - 98", "organisme": "IGN", "date_rf": 1984, "rf_zh": 53.099, "rf_ref": 46.805, "zh_ref": -6.294, "zh_elli": null, "reference": "IGN69"}, "geometry": null}, {"type": "Feature", "properties": {"site": "Île des Hébihens", "zone": "Abords de Saint-Malo", "latitude": 48.616667, "longitude": -2.21, "et": 6.09, "date_ch": null, "phma": 13.34, "pmve": 12, "pmme": 9.15, "nm": 6.65, "bmve": 1.5, "bmme": 4.2, "pbma": 0.02, "rf": "pas de rattachement", "organisme": null, "date_rf": null, "rf_zh": null, "rf_ref": null, "zh_ref": null, "zh_elli": null, "reference": null}, "geometry": null}, {"type": "Feature", "properties": {"site": "Saint-Cast", "zone": "Abords de Saint-Malo", "latitude": 48.638333, "longitude": -2.243333, "et": 6.07, "date_ch": null, "phma": 13.31, "pmve": 12.1, "pmme": 9.25, "nm": 6.64, "bmve": 1.6, "bmme": 4.35, "pbma": 0.03, "rf": "N.R.K3-421", "organisme": "IGN", "date_rf": 2010, "rf_zh": 19.151, "rf_ref": 12.887, "zh_ref": -6.264, "zh_elli": 41.82, "reference": "IGN69"}, "geometry": null}, {"type": "Feature", "properties": {"site": "Erquy", "zone": "Abords de Saint-Malo", "latitude": 48.639217, "longitude": -2.490183, "et": 5.89, "date_ch": 2012, "phma": 12.64, "pmve": 11.4, "pmme": 8.7, "nm": 6.33, "bmve": 1.3, "bmme": 4, "pbma": -0.09, "rf": "N.R.K3Q3 - 51", "organisme": "IGN", "date_rf": 1985, "rf_zh": 14.5, "rf_ref": 8.671, "zh_ref": -5.829, "zh_elli": 43.245, "reference": "IGN69"}, "geometry": null}, {"type": "Feature", "properties": {"site": "Dahouet", "zone": "Abords de Saint-Malo", "latitude": 48.579167, "longitude": -2.569333, "et": 5.88, "date_ch": 2012, "phma": 12.68, "pmve": 11.4, "pmme": 8.75, "nm": 6.39, "bmve": 1.4, "bmme": 4.05, "pbma": 0, "rf": "N.R.K3Q3 - 30", "organisme": "IGN", "date_rf": 1985, "rf_zh": 13.36, "rf_ref": 7.494, "zh_ref": -5.866, "zh_elli": null, "reference": "IGN69"}, "geometry": null}, {"type": "Feature", "properties": {"site": "Le Légué (Bouée)", "zone": "Abords de Saint-Malo", "latitude": 48.566667, "longitude": -2.683333, "et": 5.92, "date_ch": null, "phma": 12.66, "pmve": 11.5, "pmme": 8.8, "nm": 6.46, "bmve": 1.45, "bmme": 4.1, "pbma": 0.07, "rf": "Repère du Service Topographique de la DDE scellé horizontalement dans le mur de l'abri de la machinerie de l'écluse, côté droit en sortant du port.", "organisme": "Shom", "date_rf": 1990, "rf_zh": 13.51, "rf_ref": 7.564, "zh_ref": -5.946, "zh_elli": 43.47, "reference": "IGN69"}, "geometry": null}, {"type": "Feature", "properties": {"site": "Le Légué (Port)", "zone": "Abords de Saint-Malo", "latitude": 48.533333, "longitude": -2.733333, "et": null, "date_ch": null, "phma": null, "pmve": 11.55, "pmme": 8.95, "nm": null, "bmve": null, "bmme": null, "pbma": null, "rf": "pas de rattachement", "organisme": null, "date_rf": null, "rf_zh": null, "rf_ref": null, "zh_ref": null, "zh_elli": null, "reference": null}, "geometry": null}, {"type": "Feature", "properties": {"site": "Binic", "zone": "Abords de Saint-Malo", "latitude": 48.6, "longitude": -2.816667, "et": 5.86, "date_ch": 2012, "phma": 12.61, "pmve": 11.35, "pmme": 8.7, "nm": 6.36, "bmve": 1.4, "bmme": 4.05, "pbma": -0.02, "rf": "N.R.K3V3 - 29", "organisme": "IGN", "date_rf": 1985, "rf_zh": 13.565, "rf_ref": 7.667, "zh_ref": -5.898, "zh_elli": 43.658, "reference": "IGN69"}, "geometry": null}, {"type": "Feature", "properties": {"site": "Saint-Quay-Portrieux", "zone": "Abords de Saint-Malo", "latitude": 48.6475, "longitude": -2.818056, "et": 5.86, "date_ch": 2022, "phma": 12.62, "pmve": 11.45, "pmme": 8.8, "nm": 6.46, "bmve": 1.55, "bmme": 4.15, "pbma": 0.23, "rf": "N.R.K3V3-45a", "organisme": "IGN", "date_rf": 2010, "rf_zh": 13.62, "rf_ref": 7.712, "zh_ref": -5.908, "zh_elli": 43.72, "reference": "IGN69"}, "geometry": null}, {"type": "Feature", "properties": {"site": "Brehec", "zone": "Abords de Saint-Malo", "latitude": 48.7265, "longitude": -2.945833, "et": 5.81, "date_ch": 2010, "phma": 12.45, "pmve": 11.2, "pmme": 8.6, "nm": 6.37, "bmve": 1.55, "bmme": 4.1, "pbma": 0.2, "rf": "N.R.K3P3-27", "organisme": "IGN", "date_rf": 1985, "rf_zh": 64.085, "rf_ref": 58.2, "zh_ref": -5.885, "zh_elli": 43.897, "reference": "IGN69"}, "geometry": null}, {"type": "Feature", "properties": {"site": "Île de Bréhat", "zone": "Abords de Saint-Malo", "latitude": 48.835167, "longitude": -3.003333, "et": 5.77, "date_ch": null, "phma": 11.68, "pmve": 10.55, "pmme": 8.2, "nm": 5.95, "bmve": 1.35, "bmme": 3.75, "pbma": 0.1, "rf": "N.R.K3 - 36", "organisme": "IGN", "date_rf": 2010, "rf_zh": 11.536, "rf_ref": 6.031, "zh_ref": -5.505, "zh_elli": 44.28, "reference": "IGN69"}, "geometry": null}, {"type": "Feature", "properties": {"site": "Les Roches Douvres", "zone": "Abords de Saint-Malo", "latitude": 49.104167, "longitude": -2.813333, "et": 5.89, "date_ch": null, "phma": 10.82, "pmve": 9.8, "pmme": 7.5, "nm": 5.52, "bmve": 1.3, "bmme": 3.6, "pbma": 0.03, "rf": "Douille d'arpentage scellé à l'Est du phare. Pérennité bonne.", "organisme": "Shom", "date_rf": 2001, "rf_zh": 11.32, "rf_ref": 6.29, "zh_ref": -5.03, "zh_elli": 44.41, "reference": "IGN69"}, "geometry": null}, {"type": "Feature", "properties": {"site": "Vieux-Boucau", "zone": "Abords d'Arcachon et de Cap Breton", "latitude": 43.783333, "longitude": -1.416667, "et": 3.31, "date_ch": null, "phma": 4.47, "pmve": 3.9, "pmme": 3.05, "nm": 2.22, "bmve": 0.5, "bmme": 1.4, "pbma": -0.01, "rf": "pas de rattachement", "organisme": null, "date_rf": null, "rf_zh": null, "rf_ref": null, "zh_ref": null, "zh_elli": null, "reference": null}, "geometry": null}, {"type": "Feature", "properties": {"site": "Les Héaux-de-Bréhat", "zone": "Abords de Saint-Malo", "latitude": 48.908144, "longitude": -3.083333, "et": 5.55, "date_ch": null, "phma": 11.01, "pmve": 9.95, "pmme": 7.75, "nm": 5.7, "bmve": 1.3, "bmme": 3.7, "pbma": 0.09, "rf": "Repère de nivellement scellé horizontalement au pied du phare des Heaux de Bréhat à droite de l'échelle d'accès.", "organisme": "Shom", "date_rf": null, "rf_zh": 8.042, "rf_ref": null, "zh_ref": null, "zh_elli": 44.533, "reference": null}, "geometry": null}, {"type": "Feature", "properties": {"site": "Lézardrieux", "zone": "Abords de Saint-Malo", "latitude": 48.783333, "longitude": -3.1, "et": 5.72, "date_ch": null, "phma": 11.59, "pmve": 10.55, "pmme": 8.15, "nm": 5.9, "bmve": 1.3, "bmme": 3.8, "pbma": 0.04, "rf": "N.R.K3-373", "organisme": "IGN", "date_rf": 2010, "rf_zh": 18.22, "rf_ref": 12.751, "zh_ref": -5.469, "zh_elli": 44.416, "reference": "IGN69"}, "geometry": null}, {"type": "Feature", "properties": {"site": "Paimpol", "zone": "Abords de Saint-Malo", "latitude": 48.790333, "longitude": -2.955333, "et": 5.8, "date_ch": 2020, "phma": 12.09, "pmve": 10.95, "pmme": 8.45, "nm": 6.21, "bmve": 1.5, "bmme": 4, "pbma": 0.29, "rf": "N.R.K3 - 27", "organisme": "IGN", "date_rf": 2010, "rf_zh": 21.175, "rf_ref": 15.526, "zh_ref": -5.649, "zh_elli": 44.162, "reference": "IGN69"}, "geometry": null}, {"type": "Feature", "properties": {"site": "Roscoff", "zone": "Entrée de La Manche", "latitude": 48.718694, "longitude": -3.965694, "et": 4.9, "date_ch": 2011, "phma": 9.8, "pmve": 8.9, "pmme": 7.1, "nm": 5.3, "bmve": 1.3, "bmme": 3.4, "pbma": 0.18, "rf": "N.R.K3Y3 - 13", "organisme": "IGN", "date_rf": 1985, "rf_zh": 12.983, "rf_ref": 8.219, "zh_ref": -4.764, "zh_elli": 45.229, "reference": "IGN69"}, "geometry": null}, {"type": "Feature", "properties": {"site": "Port-Béni", "zone": "Entrée de La Manche", "latitude": 48.847167, "longitude": -3.172333, "et": 5.43, "date_ch": 2010, "phma": 10.97, "pmve": 9.85, "pmme": 7.7, "nm": 5.7, "bmve": 1.35, "bmme": 3.6, "pbma": 0.2, "rf": "N.R.K3 - 354", "organisme": "IGN", "date_rf": 1987, "rf_zh": 43.763, "rf_ref": 38.489, "zh_ref": -5.274, "zh_elli": null, "reference": "IGN69"}, "geometry": null}, {"type": "Feature", "properties": {"site": "Tréguier", "zone": "Entrée de La Manche", "latitude": 48.786333, "longitude": -3.219333, "et": 5.52, "date_ch": null, "phma": 11.04, "pmve": 10.05, "pmme": 7.9, "nm": 5.72, "bmve": 1.45, "bmme": 3.75, "pbma": 0.16, "rf": "N.R.K3O3 - 34", "organisme": "IGN", "date_rf": 1985, "rf_zh": 11.9, "rf_ref": 6.612, "zh_ref": -5.288, "zh_elli": null, "reference": "IGN69"}, "geometry": null}, {"type": "Feature", "properties": {"site": "Perros-Guirec", "zone": "Entrée de La Manche", "latitude": 48.82, "longitude": -3.458333, "et": 5.22, "date_ch": 2012, "phma": 10.4, "pmve": 9.35, "pmme": 7.4, "nm": 5.52, "bmve": 1.3, "bmme": 3.55, "pbma": 0.13, "rf": "N.R.K3 - 318", "organisme": "IGN", "date_rf": 1987, "rf_zh": 63.62, "rf_ref": 58.631, "zh_ref": -4.989, "zh_elli": 44.9, "reference": "IGN69"}, "geometry": null}, {"type": "Feature", "properties": {"site": "Ploumanac'h", "zone": "Entrée de La Manche", "latitude": 48.836667, "longitude": -3.486, "et": 5.21, "date_ch": null, "phma": 10.31, "pmve": 9.3, "pmme": 7.4, "nm": 5.5, "bmve": 1.35, "bmme": 3.55, "pbma": 0.2, "rf": "N.R.K3 -312", "organisme": "IGN", "date_rf": 1987, "rf_zh": 10.319, "rf_ref": 5.274, "zh_ref": -5.045, "zh_elli": null, "reference": "IGN69"}, "geometry": null}, {"type": "Feature", "properties": {"site": "Trébeurden", "zone": "Entrée de La Manche", "latitude": 48.770833, "longitude": -3.586667, "et": 4.99, "date_ch": null, "phma": 10.15, "pmve": 9.25, "pmme": 7.4, "nm": 5.48, "bmve": 1.4, "bmme": 3.55, "pbma": 0.23, "rf": "N.R.K3- 295", "organisme": "IGN", "date_rf": 2010, "rf_zh": 44.296, "rf_ref": 39.253, "zh_ref": -5.043, "zh_elli": null, "reference": "IGN69"}, "geometry": null}, {"type": "Feature", "properties": {"site": "Locquemeau", "zone": "Entrée de La Manche", "latitude": 48.725, "longitude": -3.581667, "et": 5.01, "date_ch": null, "phma": 10.06, "pmve": 9.15, "pmme": 7.3, "nm": 5.38, "bmve": 1.3, "bmme": 3.45, "pbma": 0.17, "rf": "N.R.K3N3 - 11", "organisme": "IGN", "date_rf": 1985, "rf_zh": 121.202, "rf_ref": 116.279, "zh_ref": -4.923, "zh_elli": 44.839, "reference": "IGN69"}, "geometry": null}, {"type": "Feature", "properties": {"site": "Locquirec", "zone": "Entrée de La Manche", "latitude": 48.7, "longitude": -3.633333, "et": 5, "date_ch": 2010, "phma": 10.13, "pmve": 9.25, "pmme": 7.35, "nm": 5.49, "bmve": 1.55, "bmme": 3.55, "pbma": 0.45, "rf": "N.R.K3-268", "organisme": "IGN", "date_rf": 1966, "rf_zh": 14.762, "rf_ref": 9.782, "zh_ref": -4.98, "zh_elli": null, "reference": "IGN69"}, "geometry": null}, {"type": "Feature", "properties": {"site": "Anse de Primel", "zone": "Entrée de La Manche", "latitude": 48.716667, "longitude": -3.833333, "et": 4.95, "date_ch": null, "phma": 10.14, "pmve": 9.05, "pmme": 7.2, "nm": 5.46, "bmve": 1.3, "bmme": 3.45, "pbma": 0.29, "rf": "N.R.K3 - 229", "organisme": "IGN", "date_rf": 1987, "rf_zh": 12.07, "rf_ref": 7.092, "zh_ref": -4.978, "zh_elli": null, "reference": "IGN69"}, "geometry": null}, {"type": "Feature", "properties": {"site": "Château du Taureau", "zone": "Entrée de La Manche", "latitude": 48.683333, "longitude": -3.883333, "et": 4.92, "date_ch": null, "phma": 9.82, "pmve": 8.95, "pmme": 7.15, "nm": 5.27, "bmve": 1.3, "bmme": 3.4, "pbma": 0.14, "rf": "pas de rattachement", "organisme": null, "date_rf": null, "rf_zh": null, "rf_ref": null, "zh_ref": null, "zh_elli": null, "reference": null}, "geometry": null}, {"type": "Feature", "properties": {"site": "Morlaix (Porte aval de l'écluse)", "zone": "Entrée de La Manche", "latitude": 48.589333, "longitude": -3.838833, "et": null, "date_ch": null, "phma": null, "pmve": 9.45, "pmme": null, "nm": null, "bmve": null, "bmme": null, "pbma": null, "rf": "pas de rattachement", "organisme": null, "date_rf": null, "rf_zh": null, "rf_ref": null, "zh_ref": null, "zh_elli": null, "reference": null}, "geometry": null}, {"type": "Feature", "properties": {"site": "Île de Batz", "zone": "Entrée de La Manche", "latitude": 48.741667, "longitude": -4.013333, "et": null, "date_ch": null, "phma": null, "pmve": 9, "pmme": 7.05, "nm": 5.25, "bmve": 1.4, "bmme": 3.5, "pbma": null, "rf": "pas de rattachement", "organisme": null, "date_rf": null, "rf_zh": null, "rf_ref": null, "zh_ref": null, "zh_elli": null, "reference": null}, "geometry": null}, {"type": "Feature", "properties": {"site": "Brignogan-Plage", "zone": "Entrée de La Manche", "latitude": 48.6785, "longitude": -4.3175, "et": 4.64, "date_ch": null, "phma": 9.24, "pmve": 8.45, "pmme": 6.7, "nm": 4.92, "bmve": 1.2, "bmme": 3.2, "pbma": 0.18, "rf": "pas de rattachement", "organisme": null, "date_rf": null, "rf_zh": null, "rf_ref": null, "zh_ref": null, "zh_elli": null, "reference": null}, "geometry": null}, {"type": "Feature", "properties": {"site": "L'Aber Wrac'h", "zone": "Entrée de La Manche", "latitude": 48.598333, "longitude": -4.561667, "et": 4.4, "date_ch": null, "phma": 8.52, "pmve": 7.8, "pmme": 6.15, "nm": 4.46, "bmve": 1.05, "bmme": 2.8, "pbma": 0.12, "rf": "N.R.Y3 - 64", "organisme": "IGN", "date_rf": 1987, "rf_zh": 57.54, "rf_ref": 53.474, "zh_ref": -4.066, "zh_elli": null, "reference": "IGN69"}, "geometry": null}, {"type": "Feature", "properties": {"site": "L'Aber Benoît", "zone": "Entrée de La Manche", "latitude": 48.5915, "longitude": -4.633333, "et": 4.34, "date_ch": null, "phma": 8.79, "pmve": 8, "pmme": 6.35, "nm": 4.68, "bmve": 1.25, "bmme": 3.05, "pbma": 0.27, "rf": "N.R.Y3-64", "organisme": "IGN", "date_rf": 1987, "rf_zh": 57.696, "rf_ref": 53.474, "zh_ref": -4.222, "zh_elli": null, "reference": "IGN69"}, "geometry": null}, {"type": "Feature", "properties": {"site": "Portsall", "zone": "Entrée de La Manche", "latitude": 48.566667, "longitude": -4.716667, "et": 4.22, "date_ch": 2019, "phma": 8.57, "pmve": 7.7, "pmme": 6.05, "nm": 4.45, "bmve": 1.1, "bmme": 2.85, "pbma": 0.25, "rf": "N.R.Y3 - 40", "organisme": "IGN", "date_rf": 2007, "rf_zh": 28.296, "rf_ref": 24.391, "zh_ref": -3.905, "zh_elli": 47.133, "reference": "IGN69"}, "geometry": null}, {"type": "Feature", "properties": {"site": "L'Aber Ildut", "zone": "Entrée de La Manche", "latitude": 48.471167, "longitude": -4.7545, "et": 4.12, "date_ch": 2012, "phma": 8.24, "pmve": 7.35, "pmme": 5.75, "nm": 4.26, "bmve": 1, "bmme": 2.65, "pbma": 0.05, "rf": "N.R.Y3 - 25", "organisme": "IGN", "date_rf": 1987, "rf_zh": 24.805, "rf_ref": 21.077, "zh_ref": -3.728, "zh_elli": 46.976, "reference": "IGN69"}, "geometry": null}, {"type": "Feature", "properties": {"site": "Baie du Stiff (Île d'Ouessant)", "zone": "Entrée de La Manche", "latitude": 48.468018, "longitude": -5.054047, "et": 4.13, "date_ch": 2015, "phma": 8.02, "pmve": 7.15, "pmme": 5.65, "nm": 4.16, "bmve": 1, "bmme": 2.65, "pbma": 0.11, "rf": "N.R.Y3-122", "organisme": "IGN", "date_rf": 2011, "rf_zh": 30.183, "rf_ref": 26.511, "zh_ref": -3.672, "zh_elli": 47.402, "reference": "IGN69"}, "geometry": null}, {"type": "Feature", "properties": {"site": "Brest", "zone": "Iroise, Sud Bretagne", "latitude": 48.3825, "longitude": -4.494722, "et": 3.75, "date_ch": null, "phma": 7.93, "pmve": 7.05, "pmme": 5.5, "nm": 4.14, "bmve": 1.15, "bmme": 2.7, "pbma": 0.25, "rf": "NO - 47", "organisme": "IGN", "date_rf": 2010, "rf_zh": 9.541, "rf_ref": 5.906, "zh_ref": -3.635, "zh_elli": 47.033, "reference": "IGN69"}, "geometry": null}, {"type": "Feature", "properties": {"site": "Baie de Lampaul (Île d'Ouessant)", "zone": "Iroise, Sud Bretagne", "latitude": 48.45, "longitude": -5.1, "et": 3.81, "date_ch": 2013, "phma": 7.86, "pmve": 7, "pmme": 5.5, "nm": 4.09, "bmve": 1.15, "bmme": 2.7, "pbma": 0.3, "rf": "N.R.Y3 - 126", "organisme": "IGN", "date_rf": 2010, "rf_zh": 18.853, "rf_ref": 15.179, "zh_ref": -3.674, "zh_elli": 47.471, "reference": "IGN69"}, "geometry": null}, {"type": "Feature", "properties": {"site": "Île Molène", "zone": "Iroise, Sud Bretagne", "latitude": 48.4035, "longitude": -4.954667, "et": 4.08, "date_ch": 2017, "phma": 8.21, "pmve": 7.3, "pmme": 5.8, "nm": 4.37, "bmve": 1.25, "bmme": 2.85, "pbma": 0.34, "rf": "N.R.Y3-119", "organisme": "IGN", "date_rf": 2010, "rf_zh": 17.032, "rf_ref": 13.191, "zh_ref": -3.841, "zh_elli": 47.157, "reference": "IGN69"}, "geometry": null}, {"type": "Feature", "properties": {"site": "Le Conquet", "zone": "Iroise, Sud Bretagne", "latitude": 48.359528, "longitude": -4.782836, "et": 3.81, "date_ch": 2017, "phma": 7.75, "pmve": 6.85, "pmme": 5.35, "nm": 4.01, "bmve": 1.1, "bmme": 2.6, "pbma": 0.27, "rf": "NO - 100", "organisme": "IGN", "date_rf": 2010, "rf_zh": 20.28, "rf_ref": 16.777, "zh_ref": -3.503, "zh_elli": 47.399, "reference": "IGN69"}, "geometry": null}, {"type": "Feature", "properties": {"site": "Camaret-sur-Mer", "zone": "Iroise, Sud Bretagne", "latitude": 48.278333, "longitude": -4.59, "et": 3.54, "date_ch": null, "phma": 7.45, "pmve": 6.6, "pmme": 5.15, "nm": 3.83, "bmve": 1, "bmme": 2.45, "pbma": 0.07, "rf": "O.LM - 66", "organisme": "IGN", "date_rf": 2010, "rf_zh": 13.693, "rf_ref": 10.379, "zh_ref": -3.314, "zh_elli": 47.444, "reference": "IGN69"}, "geometry": null}, {"type": "Feature", "properties": {"site": "Trez-Hir", "zone": "Iroise, Sud Bretagne", "latitude": 48.339667, "longitude": -4.699333, "et": 3.63, "date_ch": 2016, "phma": 7.47, "pmve": 6.65, "pmme": 5.2, "nm": 3.91, "bmve": 1.1, "bmme": 2.6, "pbma": 0.26, "rf": "O.M.L3 - 4", "organisme": "IGN", "date_rf": 1986, "rf_zh": 61.165, "rf_ref": 57.734, "zh_ref": -3.431, "zh_elli": 47.401, "reference": "IGN69"}, "geometry": null}, {"type": "Feature", "properties": {"site": "Le Dellec", "zone": "Iroise, Sud Bretagne", "latitude": 48.353667, "longitude": -4.562, "et": 3.7, "date_ch": 2012, "phma": 7.76, "pmve": 6.85, "pmme": 5.35, "nm": 3.99, "bmve": 1.15, "bmme": 2.65, "pbma": 0.3, "rf": "NO-68", "organisme": "IGN", "date_rf": 1996, "rf_zh": 84.438, "rf_ref": 80.847, "zh_ref": -3.591, "zh_elli": 47.18, "reference": "IGN69"}, "geometry": null}, {"type": "Feature", "properties": {"site": "Moulin Blanc", "zone": "Iroise, Sud Bretagne", "latitude": 48.395, "longitude": -4.43, "et": 3.75, "date_ch": 2019, "phma": 8.03, "pmve": 7.15, "pmme": 5.6, "nm": 4.21, "bmve": 1.2, "bmme": 2.75, "pbma": 0.29, "rf": "NO-36", "organisme": "IGN", "date_rf": 1996, "rf_zh": 11.004, "rf_ref": 7.278, "zh_ref": -3.726, "zh_elli": 46.904, "reference": "IGN69"}, "geometry": null}, {"type": "Feature", "properties": {"site": "Landerneau", "zone": "Iroise, Sud Bretagne", "latitude": 48.449333, "longitude": -4.252833, "et": null, "date_ch": null, "phma": null, "pmve": 7.25, "pmme": 5.65, "nm": null, "bmve": 3.75, "bmme": 3.75, "pbma": null, "rf": "OQ - 431", "organisme": "IGN", "date_rf": 1996, "rf_zh": 8.621, "rf_ref": 4.893, "zh_ref": -3.728, "zh_elli": null, "reference": "IGN69"}, "geometry": null}, {"type": "Feature", "properties": {"site": "Tinduff", "zone": "Iroise, Sud Bretagne", "latitude": 48.335833, "longitude": -4.3675, "et": 3.81, "date_ch": 2017, "phma": 8.15, "pmve": 7.3, "pmme": 5.7, "nm": 4.27, "bmve": 1.2, "bmme": 2.85, "pbma": 0.25, "rf": "O.M.K3 - 88", "organisme": "IGN", "date_rf": 1986, "rf_zh": 38.725, "rf_ref": 34.984, "zh_ref": -3.741, "zh_elli": 46.873, "reference": "IGN69"}, "geometry": null}, {"type": "Feature", "properties": {"site": "Pont de Térénez", "zone": "Iroise, Sud Bretagne", "latitude": 48.28, "longitude": -4.268883, "et": 3.82, "date_ch": null, "phma": 8.39, "pmve": 7.45, "pmme": 5.85, "nm": 4.43, "bmve": 1.3, "bmme": 2.9, "pbma": 0.32, "rf": "Repère de nivellement SHOM scellé horizontalement dans le mur du souterrain n° 4 de la pyrotechnie de Térénez.", "organisme": "Shom", "date_rf": 2007, "rf_zh": 11.897, "rf_ref": 8.154, "zh_ref": -3.743, "zh_elli": 46.904, "reference": "IGN69"}, "geometry": null}, {"type": "Feature", "properties": {"site": "Morgat", "zone": "Iroise, Sud Bretagne", "latitude": 48.2245, "longitude": -4.497333, "et": 3.59, "date_ch": 2012, "phma": 7.5, "pmve": 6.65, "pmme": 5.2, "nm": 3.88, "bmve": 1.05, "bmme": 2.55, "pbma": 0.26, "rf": "O.L.K3- 214", "organisme": "IGN", "date_rf": 1986, "rf_zh": 7.925, "rf_ref": 4.553, "zh_ref": -3.372, "zh_elli": 47.31, "reference": "IGN69"}, "geometry": null}, {"type": "Feature", "properties": {"site": "Douarnenez", "zone": "Iroise, Sud Bretagne", "latitude": 48.1, "longitude": -4.316667, "et": 3.57, "date_ch": 2015, "phma": 7.39, "pmve": 6.55, "pmme": 5.05, "nm": 3.83, "bmve": 0.95, "bmme": 2.45, "pbma": 0.12, "rf": "O.L.K3 - 41", "organisme": "IGN", "date_rf": 2010, "rf_zh": 32.295, "rf_ref": 28.963, "zh_ref": -3.332, "zh_elli": null, "reference": "IGN69"}, "geometry": null}, {"type": "Feature", "properties": {"site": "Port du Vorlen", "zone": "Iroise, Sud Bretagne", "latitude": 48.053, "longitude": -4.7125, "et": 3.62, "date_ch": null, "phma": 6.97, "pmve": 6.2, "pmme": 4.85, "nm": 3.65, "bmve": 1.05, "bmme": 2.4, "pbma": 0.29, "rf": "O.L.K3-249", "organisme": "IGN", "date_rf": 1986, "rf_zh": 73.856, "rf_ref": 70.611, "zh_ref": -3.245, "zh_elli": 47.293, "reference": "IGN69"}, "geometry": null}, {"type": "Feature", "properties": {"site": "Île de Sein", "zone": "Iroise, Sud Bretagne", "latitude": 48.040167, "longitude": -4.8475, "et": 3.6, "date_ch": 2013, "phma": 6.98, "pmve": 6.2, "pmme": 4.85, "nm": 3.59, "bmve": 0.95, "bmme": 2.35, "pbma": 0.17, "rf": "O.L.K3-479-I", "organisme": "IGN", "date_rf": 2010, "rf_zh": 10.066, "rf_ref": 7.065, "zh_ref": -3.001, "zh_elli": 47.604, "reference": "IGN69"}, "geometry": null}, {"type": "Feature", "properties": {"site": "Concarneau", "zone": "Iroise, Sud Bretagne", "latitude": 47.873333, "longitude": -3.906667, "et": 3.41, "date_ch": 2011, "phma": 5.74, "pmve": 5.1, "pmme": 4, "nm": 3.06, "bmve": 0.9, "bmme": 2, "pbma": 0.23, "rf": "O.L.K 3P3 - 12", "organisme": "IGN", "date_rf": 1985, "rf_zh": 22.669, "rf_ref": 20.135, "zh_ref": -2.534, "zh_elli": 46.84, "reference": "IGN69"}, "geometry": null}, {"type": "Feature", "properties": {"site": "Plogoff", "zone": "Iroise, Sud Bretagne", "latitude": 48.024, "longitude": -4.698667, "et": 3.2, "date_ch": null, "phma": 6.32, "pmve": 5.7, "pmme": 4.45, "nm": 3.26, "bmve": 1.05, "bmme": 2.2, "pbma": 0.29, "rf": "Repère situé sur un transformateur à la sortie du hameau de Lescoff.", "organisme": "Shom", "date_rf": 1989, "rf_zh": 65.205, "rf_ref": 62.585, "zh_ref": -2.62, "zh_elli": null, "reference": "IGN69"}, "geometry": null}, {"type": "Feature", "properties": {"site": "Audierne (Quai Pelletan)", "zone": "Iroise, Sud Bretagne", "latitude": 48.02155, "longitude": -4.537583, "et": 3.39, "date_ch": 2019, "phma": 5.81, "pmve": 5.25, "pmme": 4.05, "nm": 3.05, "bmve": 0.85, "bmme": 2, "pbma": 0.23, "rf": "O.L.K3L3-74", "organisme": "IGN", "date_rf": 2010, "rf_zh": 6.524, "rf_ref": 3.993, "zh_ref": -2.531, "zh_elli": 47.795, "reference": "IGN69"}, "geometry": null}, {"type": "Feature", "properties": {"site": "Saint-Guénolé", "zone": "Iroise, Sud Bretagne", "latitude": 47.814, "longitude": -4.3825, "et": 3.33, "date_ch": null, "phma": 5.85, "pmve": 5.2, "pmme": 4.05, "nm": 3.01, "bmve": 0.9, "bmme": 2, "pbma": 0.24, "rf": "O.L.K3-270", "organisme": "IGN", "date_rf": 1986, "rf_zh": 6.976, "rf_ref": 4.465, "zh_ref": -2.511, "zh_elli": null, "reference": "IGN69"}, "geometry": null}, {"type": "Feature", "properties": {"site": "Le Guilvinec", "zone": "Iroise, Sud Bretagne", "latitude": 47.794167, "longitude": -4.2785, "et": 3.44, "date_ch": null, "phma": 5.7, "pmve": 5.05, "pmme": 3.95, "nm": 3.04, "bmve": 0.85, "bmme": 1.95, "pbma": 0.16, "rf": "O.L.K3.R3 - 29", "organisme": "IGN", "date_rf": 2010, "rf_zh": 10.063, "rf_ref": 7.526, "zh_ref": -2.537, "zh_elli": null, "reference": "IGN69"}, "geometry": null}, {"type": "Feature", "properties": {"site": "Lesconil", "zone": "Iroise, Sud Bretagne", "latitude": 47.795167, "longitude": -4.211333, "et": 3.4, "date_ch": null, "phma": 5.72, "pmve": 5.05, "pmme": 3.95, "nm": 3.05, "bmve": 0.9, "bmme": 2, "pbma": 0.18, "rf": "O.L.K3 - 306", "organisme": "IGN", "date_rf": 1986, "rf_zh": 9.12, "rf_ref": 6.711, "zh_ref": -2.409, "zh_elli": null, "reference": "IGN69"}, "geometry": null}, {"type": "Feature", "properties": {"site": "Loctudy", "zone": "Iroise, Sud Bretagne", "latitude": 47.833333, "longitude": -4.166667, "et": 3.37, "date_ch": null, "phma": 5.59, "pmve": 4.95, "pmme": 3.85, "nm": 2.91, "bmve": 0.75, "bmme": 1.85, "pbma": 0.1, "rf": "O.L.K3.R3 - 48", "organisme": "IGN", "date_rf": 2010, "rf_zh": 10.715, "rf_ref": 8.217, "zh_ref": -2.498, "zh_elli": null, "reference": "IGN69"}, "geometry": null}, {"type": "Feature", "properties": {"site": "Bénodet", "zone": "Iroise, Sud Bretagne", "latitude": 47.881, "longitude": -4.115833, "et": 3.47, "date_ch": 2012, "phma": 5.93, "pmve": 5.3, "pmme": 4.15, "nm": 3.21, "bmve": 1, "bmme": 2.1, "pbma": 0.29, "rf": "O.L.K3.M3 n° 21", "organisme": "IGN", "date_rf": 2010, "rf_zh": 7.26, "rf_ref": 4.566, "zh_ref": -2.694, "zh_elli": 46.793, "reference": "IGN69"}, "geometry": null}, {"type": "Feature", "properties": {"site": "Les trois Tourtes", "zone": "Iroise, Sud Bretagne", "latitude": 47.946167, "longitude": -4.1125, "et": 3.97, "date_ch": 2012, "phma": 6.07, "pmve": 5.45, "pmme": 4.25, "nm": 3.26, "bmve": 0.85, "bmme": 2.05, "pbma": 0.07, "rf": "O.L.M3-16", "organisme": "IGN", "date_rf": 1986, "rf_zh": 51.417, "rf_ref": 48.725, "zh_ref": -2.692, "zh_elli": 47.004, "reference": "IGN69"}, "geometry": null}, {"type": "Feature", "properties": {"site": "Corniguel", "zone": "Iroise, Sud Bretagne", "latitude": 47.966667, "longitude": -4.1, "et": null, "date_ch": null, "phma": null, "pmve": 5, "pmme": 3.9, "nm": null, "bmve": 0.45, "bmme": 1.65, "pbma": null, "rf": "pas de rattachement", "organisme": null, "date_rf": null, "rf_zh": null, "rf_ref": null, "zh_ref": null, "zh_elli": null, "reference": null}, "geometry": null}, {"type": "Feature", "properties": {"site": "Quimper", "zone": "Iroise, Sud Bretagne", "latitude": 48, "longitude": -4.1, "et": null, "date_ch": null, "phma": null, "pmve": 5.15, "pmme": 4, "nm": null, "bmve": null, "bmme": null, "pbma": null, "rf": "pas de rattachement", "organisme": null, "date_rf": null, "rf_zh": null, "rf_ref": null, "zh_ref": null, "zh_elli": null, "reference": null}, "geometry": null}, {"type": "Feature", "properties": {"site": "Port-la-Forêt", "zone": "Iroise, Sud Bretagne", "latitude": 47.901, "longitude": -3.973833, "et": 3.38, "date_ch": 2010, "phma": 5.73, "pmve": 5.2, "pmme": 4.05, "nm": 3.02, "bmve": 0.9, "bmme": 2.05, "pbma": 0.16, "rf": "O.L.K3N3 – 6", "organisme": "IGN", "date_rf": 2010, "rf_zh": 16.153, "rf_ref": 13.569, "zh_ref": -2.584, "zh_elli": 46.831, "reference": "IGN69"}, "geometry": null}, {"type": "Feature", "properties": {"site": "Penfret (Îles de Glénan)", "zone": "Iroise, Sud Bretagne", "latitude": 47.722167, "longitude": -3.955, "et": 3.39, "date_ch": null, "phma": 5.71, "pmve": 5.15, "pmme": 4.05, "nm": 3, "bmve": 0.9, "bmme": 1.95, "pbma": 0.23, "rf": "Repère SHOM scellé dans le haut de la cale de l'île de Penfret.", "organisme": "Shom", "date_rf": 1995, "rf_zh": 5.674, "rf_ref": 3.136, "zh_ref": -2.538, "zh_elli": null, "reference": "IGN69"}, "geometry": null}, {"type": "Feature", "properties": {"site": "Port Manec'h", "zone": "Iroise, Sud Bretagne", "latitude": 47.800833, "longitude": -3.7385, "et": 3.37, "date_ch": null, "phma": 5.58, "pmve": 5.05, "pmme": 3.95, "nm": 2.93, "bmve": 0.9, "bmme": 1.95, "pbma": 0.18, "rf": "O.L.K3 - 52", "organisme": "IGN", "date_rf": 1985, "rf_zh": 5.905, "rf_ref": 3.432, "zh_ref": -2.473, "zh_elli": null, "reference": "IGN69"}, "geometry": null}, {"type": "Feature", "properties": {"site": "Le Pouldu", "zone": "Iroise, Sud Bretagne", "latitude": 47.762, "longitude": -3.542667, "et": 3.36, "date_ch": null, "phma": 5.7, "pmve": 5.15, "pmme": 4.1, "nm": 3.06, "bmve": 1, "bmme": 2.1, "pbma": 0.27, "rf": "O.L.K3-76", "organisme": "IGN", "date_rf": 1986, "rf_zh": 20.66, "rf_ref": 17.739, "zh_ref": -2.921, "zh_elli": null, "reference": "IGN69"}, "geometry": null}, {"type": "Feature", "properties": {"site": "Quimperlé", "zone": "Iroise, Sud Bretagne", "latitude": 47.866667, "longitude": -3.55, "et": null, "date_ch": null, "phma": null, "pmve": 5.3, "pmme": 4.3, "nm": null, "bmve": null, "bmme": null, "pbma": null, "rf": "pas de rattachement", "organisme": null, "date_rf": null, "rf_zh": null, "rf_ref": null, "zh_ref": null, "zh_elli": null, "reference": null}, "geometry": null}, {"type": "Feature", "properties": {"site": "Port-Tudy", "zone": "Iroise, Sud Bretagne", "latitude": 47.644583, "longitude": -3.446306, "et": 3.4, "date_ch": 2011, "phma": 5.86, "pmve": 5.2, "pmme": 4.15, "nm": 3.19, "bmve": 0.95, "bmme": 2.1, "pbma": 0.29, "rf": "O.L.K3 - 391", "organisme": "IGN", "date_rf": 2010, "rf_zh": 39.975, "rf_ref": 37.233, "zh_ref": -2.742, "zh_elli": 46.196, "reference": "IGN69"}, "geometry": null}, {"type": "Feature", "properties": {"site": "Port-Louis (Locmalo)", "zone": "Iroise, Sud Bretagne", "latitude": 47.7055, "longitude": -3.345333, "et": 3.48, "date_ch": null, "phma": 5.71, "pmve": 5.2, "pmme": 4.15, "nm": 3.13, "bmve": 1, "bmme": 2.1, "pbma": 0.32, "rf": "O.L.K3S3-4", "organisme": "IGN", "date_rf": 1985, "rf_zh": 12.99, "rf_ref": 10.392, "zh_ref": -2.598, "zh_elli": null, "reference": "IGN69"}, "geometry": null}, {"type": "Feature", "properties": {"site": "Lorient (Port de commerce)", "zone": "Iroise, Sud Bretagne", "latitude": 47.7375, "longitude": -3.3545, "et": 3.51, "date_ch": 2021, "phma": 5.85, "pmve": 5.2, "pmme": 4.1, "nm": 3.16, "bmve": 0.9, "bmme": 2.05, "pbma": 0.2, "rf": "O.L.K3 - 9", "organisme": "IGN", "date_rf": 1986, "rf_zh": 14.605, "rf_ref": 11.975, "zh_ref": -2.63, "zh_elli": 46.197, "reference": "IGN69"}, "geometry": null}, {"type": "Feature", "properties": {"site": "Hennebont", "zone": "Iroise, Sud Bretagne", "latitude": 47.8, "longitude": -3.283333, "et": 3.69, "date_ch": null, "phma": 5.72, "pmve": 5.1, "pmme": 4.05, "nm": 3.08, "bmve": 0.85, "bmme": 1.9, "pbma": 0.31, "rf": "pas de rattachement", "organisme": null, "date_rf": null, "rf_zh": null, "rf_ref": null, "zh_ref": null, "zh_elli": null, "reference": null}, "geometry": null}, {"type": "Feature", "properties": {"site": "Entrée rivière d'Étel", "zone": "Iroise, Sud Bretagne", "latitude": 47.644167, "longitude": -3.211667, "et": 3.5, "date_ch": null, "phma": 5.51, "pmve": 5.15, "pmme": 4.1, "nm": 3.21, "bmve": 0.95, "bmme": 2.15, "pbma": 1.14, "rf": "O.L.K3 - 140", "organisme": "IGN", "date_rf": 1958, "rf_zh": 7.29, "rf_ref": 4.517, "zh_ref": -2.773, "zh_elli": 45.86, "reference": "IGN69"}, "geometry": null}, {"type": "Feature", "properties": {"site": "Port d'Étel", "zone": "Iroise, Sud Bretagne", "latitude": 47.656667, "longitude": -3.206667, "et": 3.76, "date_ch": null, "phma": 5.59, "pmve": 5, "pmme": 4.2, "nm": 3.25, "bmve": 1.6, "bmme": 2.25, "pbma": 1.19, "rf": "O.L.K3-141", "organisme": "IGN", "date_rf": 2010, "rf_zh": 5.71, "rf_ref": 2.975, "zh_ref": -2.735, "zh_elli": null, "reference": "IGN69"}, "geometry": null}, {"type": "Feature", "properties": {"site": "Portivy", "zone": "Iroise, Sud Bretagne", "latitude": 47.531333, "longitude": -3.147333, "et": 3.4, "date_ch": null, "phma": 5.8, "pmve": 5.25, "pmme": 4.2, "nm": 3.15, "bmve": 0.95, "bmme": 2.1, "pbma": 0.23, "rf": "Repère SHOM scellé horizontalement dans la jetée de Portivy.", "organisme": "Shom", "date_rf": 1985, "rf_zh": 6.509, "rf_ref": 3.749, "zh_ref": -2.76, "zh_elli": null, "reference": "IGN69"}, "geometry": null}, {"type": "Feature", "properties": {"site": "Port-Maria", "zone": "Iroise, Sud Bretagne", "latitude": 47.48333, "longitude": -3.1333, "et": 3.41, "date_ch": null, "phma": 5.97, "pmve": 5.35, "pmme": 4.25, "nm": 3.2, "bmve": 0.95, "bmme": 2.1, "pbma": 0.24, "rf": "O.KL - 63", "organisme": "IGN", "date_rf": 1985, "rf_zh": 10.29, "rf_ref": 7.352, "zh_ref": -2.938, "zh_elli": null, "reference": "IGN69"}, "geometry": null}, {"type": "Feature", "properties": {"site": "Les Sables d'Olonne", "zone": "Loire, Vendée", "latitude": 46.4975, "longitude": -1.793611, "et": 3.35, "date_ch": 2022, "phma": 6.03, "pmve": 5.35, "pmme": 4.3, "nm": 3.31, "bmve": 0.85, "bmme": 2.15, "pbma": 0.14, "rf": "O.HI - 65", "organisme": "IGN", "date_rf": 2017, "rf_zh": 7.756, "rf_ref": 4.928, "zh_ref": -2.828, "zh_elli": 44.54, "reference": "IGN69"}, "geometry": null}, {"type": "Feature", "properties": {"site": "Port-Navalo", "zone": "Loire, Vendée", "latitude": 47.55, "longitude": -2.916667, "et": 3.75, "date_ch": 2008, "phma": 5.65, "pmve": 5.05, "pmme": 4, "nm": 3.05, "bmve": 0.7, "bmme": 1.9, "pbma": 0.05, "rf": "O.K.K3.P3 - 48", "organisme": "IGN", "date_rf": 1985, "rf_zh": 6.592, "rf_ref": 3.967, "zh_ref": -2.625, "zh_elli": 46.283, "reference": "IGN69"}, "geometry": null}, {"type": "Feature", "properties": {"site": "Le Palais (Belle-Île)", "zone": "Loire, Vendée", "latitude": 47.347667, "longitude": -3.152167, "et": 3.4, "date_ch": null, "phma": 5.78, "pmve": 5.25, "pmme": 4.15, "nm": 3.07, "bmve": 0.8, "bmme": 2, "pbma": 0.02, "rf": "O.K.K - 53", "organisme": "IGN", "date_rf": 2010, "rf_zh": 7.68, "rf_ref": 5.056, "zh_ref": -2.624, "zh_elli": null, "reference": "IGN69"}, "geometry": null}, {"type": "Feature", "properties": {"site": "Port-Haliguen", "zone": "Loire, Vendée", "latitude": 47.483333, "longitude": -3.1, "et": 3.57, "date_ch": null, "phma": 5.87, "pmve": 5.35, "pmme": 4.25, "nm": 3.13, "bmve": 0.75, "bmme": 2, "pbma": -0.02, "rf": "O.K.K3-2", "organisme": "IGN", "date_rf": 1986, "rf_zh": 7.73, "rf_ref": 5.031, "zh_ref": -2.699, "zh_elli": null, "reference": "IGN69"}, "geometry": null}, {"type": "Feature", "properties": {"site": "La Trinité-sur-Mer", "zone": "Loire, Vendée", "latitude": 47.5875, "longitude": -3.025556, "et": 3.61, "date_ch": null, "phma": 6.1, "pmve": 5.45, "pmme": 4.35, "nm": 3.3, "bmve": 0.85, "bmme": 2.1, "pbma": 0.1, "rf": "O.K.K3P3-22", "organisme": "IGN", "date_rf": 1985, "rf_zh": 5.594, "rf_ref": 2.74, "zh_ref": -2.854, "zh_elli": 45.795, "reference": "IGN69"}, "geometry": null}, {"type": "Feature", "properties": {"site": "Auray (St-Goustan)", "zone": "Loire, Vendée", "latitude": 47.663383, "longitude": -2.978117, "et": 4.03, "date_ch": null, "phma": 5.2, "pmve": 4.7, "pmme": 3.65, "nm": 2.76, "bmve": 0.5, "bmme": 1.6, "pbma": 0.08, "rf": "O.K.P3-33", "organisme": "IGN", "date_rf": 1986, "rf_zh": 4.765, "rf_ref": 2.54, "zh_ref": -2.225, "zh_elli": 46.353, "reference": "IGN69"}, "geometry": null}, {"type": "Feature", "properties": {"site": "Fort Espagnol", "zone": "Loire, Vendée", "latitude": 47.612333, "longitude": -2.953167, "et": 3.91, "date_ch": null, "phma": 5.21, "pmve": 4.65, "pmme": 3.65, "nm": 2.78, "bmve": 0.6, "bmme": 1.55, "pbma": 0.08, "rf": "Douille SHOM scellée dans l'angle Sud-Est du quai de la cale de Fort Espagnol : repère des tirants d'air.", "organisme": "Shom", "date_rf": 2003, "rf_zh": 6.82, "rf_ref": 4.526, "zh_ref": -2.294, "zh_elli": 46.32, "reference": "IGN69"}, "geometry": null}, {"type": "Feature", "properties": {"site": "Locmariaquer", "zone": "Loire, Vendée", "latitude": 47.57, "longitude": -2.93, "et": 3.88, "date_ch": null, "phma": 5.16, "pmve": 4.6, "pmme": 3.65, "nm": 2.76, "bmve": 0.6, "bmme": 1.55, "pbma": 0.08, "rf": "Douille SHOM scellée sur le quai du Guilvin à 60 m du bar \"l'Angélus\" en allant vers l'espar proche du lampadaire : repère des tirants d'air à pleine mer.", "organisme": "Shom", "date_rf": 2003, "rf_zh": 6.074, "rf_ref": 3.825, "zh_ref": -2.249, "zh_elli": 46.206, "reference": "IGN69"}, "geometry": null}, {"type": "Feature", "properties": {"site": "Arradon", "zone": "Loire, Vendée", "latitude": 47.615, "longitude": -2.83, "et": 5.51, "date_ch": null, "phma": 3.05, "pmve": 2.9, "pmme": 2.25, "nm": 1.53, "bmve": 0.2, "bmme": 0.65, "pbma": 0.05, "rf": "Repère SHOM scellé dans le mur (côté Est) de la petite cale du port de la Pointe d'Arradon.", "organisme": "Shom", "date_rf": 1983, "rf_zh": 4.194, "rf_ref": 3.173, "zh_ref": -1.021, "zh_elli": 47.446, "reference": "IGN69"}, "geometry": null}, {"type": "Feature", "properties": {"site": "Vannes", "zone": "Loire, Vendée", "latitude": 47.638333, "longitude": -2.760833, "et": 5.65, "date_ch": null, "phma": 3.35, "pmve": 3.1, "pmme": 2.5, "nm": 1.73, "bmve": 0.25, "bmme": 0.7, "pbma": 0.05, "rf": "O.K.P3-139", "organisme": "IGN", "date_rf": 2010, "rf_zh": 3.806, "rf_ref": 2.773, "zh_ref": -1.033, "zh_elli": 47.325, "reference": "IGN69"}, "geometry": null}, {"type": "Feature", "properties": {"site": "Saint-Armel (Le Passage)", "zone": "Loire, Vendée", "latitude": 47.591333, "longitude": -2.715, "et": 5.68, "date_ch": null, "phma": 3.45, "pmve": 3.2, "pmme": 2.55, "nm": 1.78, "bmve": 0.3, "bmme": 0.9, "pbma": 0.05, "rf": "Repère SHOM scellé dans le côté gauche et à la naissance de la jetée de la Garenne à Montsarrac", "organisme": "Shom", "date_rf": 2005, "rf_zh": 3.822, "rf_ref": 2.608, "zh_ref": -1.214, "zh_elli": 47.078, "reference": "IGN69"}, "geometry": null}, {"type": "Feature", "properties": {"site": "Le Logeo", "zone": "Loire, Vendée", "latitude": 47.547833, "longitude": -2.8455, "et": 5.36, "date_ch": null, "phma": 3.15, "pmve": 2.95, "pmme": 2.35, "nm": 1.59, "bmve": 0.25, "bmme": 0.7, "pbma": 0.05, "rf": "Repère SHOM scellé dans le muret gauche délimitant la cale principale du Logéo.", "organisme": "Shom", "date_rf": 2004, "rf_zh": 4.18, "rf_ref": 3.114, "zh_ref": -1.066, "zh_elli": 47.299, "reference": "IGN69"}, "geometry": null}, {"type": "Feature", "properties": {"site": "Port du Crouesty", "zone": "Loire, Vendée", "latitude": 47.5426, "longitude": -2.89495, "et": 3.57, "date_ch": 2014, "phma": 6.17, "pmve": 5.4, "pmme": 4.3, "nm": 3.32, "bmve": 0.8, "bmme": 2.05, "pbma": 0.01, "rf": "O.K.K3P3 - 53", "organisme": "IGN", "date_rf": 2010, "rf_zh": 15.944, "rf_ref": 13.094, "zh_ref": -2.85, "zh_elli": 45.634, "reference": "IGN69"}, "geometry": null}, {"type": "Feature", "properties": {"site": "Pénerf", "zone": "Loire, Vendée", "latitude": 47.514333, "longitude": -2.623833, "et": 3.53, "date_ch": null, "phma": 6.1, "pmve": 5.45, "pmme": 4.3, "nm": 3.28, "bmve": 0.75, "bmme": 2.05, "pbma": 0.01, "rf": "O.K.K3 - 15 BIS", "organisme": "IGN", "date_rf": 1986, "rf_zh": 8.12, "rf_ref": 5.358, "zh_ref": -2.762, "zh_elli": null, "reference": "IGN69"}, "geometry": null}, {"type": "Feature", "properties": {"site": "Tréhiguier", "zone": "Loire, Vendée", "latitude": 47.495, "longitude": -2.44, "et": 3.65, "date_ch": null, "phma": 6.36, "pmve": 5.55, "pmme": 4.4, "nm": 3.4, "bmve": 0.75, "bmme": 2.1, "pbma": -0.03, "rf": "O.K.K3O3 - 11", "organisme": "IGN", "date_rf": 1986, "rf_zh": 9.397, "rf_ref": 6.467, "zh_ref": -2.93, "zh_elli": null, "reference": "IGN69"}, "geometry": null}, {"type": "Feature", "properties": {"site": "Houat", "zone": "Loire, Vendée", "latitude": 47.404, "longitude": -2.949667, "et": 3.5, "date_ch": null, "phma": 5.81, "pmve": 5.35, "pmme": 4.25, "nm": 3.17, "bmve": 0.75, "bmme": 2, "pbma": 0.11, "rf": "pas de rattachement", "organisme": null, "date_rf": null, "rf_zh": null, "rf_ref": null, "zh_ref": null, "zh_elli": null, "reference": null}, "geometry": null}, {"type": "Feature", "properties": {"site": "Hoëdic", "zone": "Loire, Vendée", "latitude": 47.3445, "longitude": -2.874167, "et": 3.38, "date_ch": null, "phma": 5.78, "pmve": 5.15, "pmme": 4.1, "nm": 3.09, "bmve": 0.65, "bmme": 1.9, "pbma": -0.01, "rf": "Repère de nivellement SHOM scellé dans le début de la jetée Est.", "organisme": "Shom", "date_rf": 2010, "rf_zh": 6.362, "rf_ref": 3.475, "zh_ref": -2.887, "zh_elli": null, "reference": "IGN69"}, "geometry": null}, {"type": "Feature", "properties": {"site": "Saint-Nazaire", "zone": "Loire, Vendée", "latitude": 47.266944, "longitude": -2.201667, "et": 3.59, "date_ch": 2018, "phma": 6.6, "pmve": 5.9, "pmme": 4.7, "nm": 3.61, "bmve": 0.85, "bmme": 2.25, "pbma": 0.06, "rf": "O.KS - 69", "organisme": "IGN", "date_rf": 2015, "rf_zh": 9.252, "rf_ref": 6.092, "zh_ref": -3.16, "zh_elli": 44.634, "reference": "IGN69"}, "geometry": null}, {"type": "Feature", "properties": {"site": "Le Croisic", "zone": "Loire, Vendée", "latitude": 47.3, "longitude": -2.516667, "et": 3.52, "date_ch": null, "phma": 6.13, "pmve": 5.45, "pmme": 4.3, "nm": 3.3, "bmve": 0.7, "bmme": 2.05, "pbma": -0.03, "rf": "O.KS-1", "organisme": "IGN", "date_rf": 1975, "rf_zh": 7.792, "rf_ref": 4.932, "zh_ref": -2.86, "zh_elli": null, "reference": "IGN69"}, "geometry": null}, {"type": "Feature", "properties": {"site": "Le Pouliguen", "zone": "Loire, Vendée", "latitude": 47.251667, "longitude": -2.403333, "et": 3.49, "date_ch": null, "phma": 6.15, "pmve": 5.45, "pmme": 4.3, "nm": 3.31, "bmve": 0.75, "bmme": 2.05, "pbma": 0.04, "rf": "O.KS - 23", "organisme": "IGN", "date_rf": 1975, "rf_zh": 7.075, "rf_ref": 4.158, "zh_ref": -2.917, "zh_elli": 45.126, "reference": "IGN69"}, "geometry": null}, {"type": "Feature", "properties": {"site": "Pornichet", "zone": "Loire, Vendée", "latitude": 47.258333, "longitude": -2.346667, "et": 3.41, "date_ch": null, "phma": 6.22, "pmve": 5.55, "pmme": 4.4, "nm": 3.41, "bmve": 0.8, "bmme": 2.2, "pbma": -0.01, "rf": "O.KS-35", "organisme": "IGN", "date_rf": 1975, "rf_zh": 14.038, "rf_ref": 11.111, "zh_ref": -2.927, "zh_elli": null, "reference": "IGN69"}, "geometry": null}, {"type": "Feature", "properties": {"site": "Le Grand Charpentier", "zone": "Loire, Vendée", "latitude": 47.215, "longitude": -2.316944, "et": 3.49, "date_ch": null, "phma": 6.27, "pmve": 5.55, "pmme": 4.45, "nm": 3.39, "bmve": 0.8, "bmme": 2.1, "pbma": 0.05, "rf": "pas de rattachement", "organisme": null, "date_rf": null, "rf_zh": null, "rf_ref": null, "zh_ref": null, "zh_elli": null, "reference": null}, "geometry": null}, {"type": "Feature", "properties": {"site": "Montoir de Bretagne", "zone": "Loire, Vendée", "latitude": 47.305556, "longitude": -2.108361, "et": 3.71, "date_ch": 2018, "phma": 6.82, "pmve": 6.1, "pmme": 4.8, "nm": 3.69, "bmve": 0.75, "bmme": 2.25, "pbma": -0.08, "rf": "Boulon sud amont de coffret sur la dalle d'amarrage à 30m en amont du quai charbonnier", "organisme": "Shom", "date_rf": 2014, "rf_zh": 8.291, "rf_ref": 5.132, "zh_ref": -3.159, "zh_elli": null, "reference": "IGN69"}, "geometry": null}, {"type": "Feature", "properties": {"site": "Cordemais", "zone": "Loire, Vendée", "latitude": 47.277222, "longitude": -1.889806, "et": 4.02, "date_ch": 2020, "phma": 7.03, "pmve": 6.35, "pmme": 5, "nm": 3.78, "bmve": 1, "bmme": 2.05, "pbma": 0.42, "rf": "O.S.P3 - 41", "organisme": "IGN", "date_rf": 2013, "rf_zh": 17.555, "rf_ref": 14.396, "zh_ref": -3.159, "zh_elli": null, "reference": "IGN69"}, "geometry": null}, {"type": "Feature", "properties": {"site": "Le Pellerin", "zone": "Loire, Vendée", "latitude": 47.205389, "longitude": -1.765139, "et": 4.41, "date_ch": 2020, "phma": 7.2, "pmve": 6.45, "pmme": 5.15, "nm": 3.97, "bmve": 1.35, "bmme": 2.15, "pbma": 0.76, "rf": "O.S.O3P3-23", "organisme": "IGN", "date_rf": 2010, "rf_zh": 13.597, "rf_ref": 10.438, "zh_ref": -3.159, "zh_elli": null, "reference": "IGN69"}, "geometry": null}, {"type": "Feature", "properties": {"site": "Nantes (Chantenay)", "zone": "Loire, Vendée", "latitude": 47.193444, "longitude": -1.633667, "et": 4.76, "date_ch": 2020, "phma": 7.31, "pmve": 6.55, "pmme": 5.25, "nm": 4.1, "bmve": 1.55, "bmme": 2.25, "pbma": 0.74, "rf": "OU - 182", "organisme": "IGN", "date_rf": 1998, "rf_zh": 9.231, "rf_ref": 6.072, "zh_ref": -3.159, "zh_elli": null, "reference": "IGN69"}, "geometry": null}, {"type": "Feature", "properties": {"site": "Pointe de Saint-Gildas", "zone": "Loire, Vendée", "latitude": 47.14, "longitude": -2.246667, "et": 3.46, "date_ch": 2012, "phma": 6.33, "pmve": 5.6, "pmme": 4.5, "nm": 3.44, "bmve": 0.8, "bmme": 2.1, "pbma": 0.06, "rf": "O.S.K3 - 68", "organisme": "IGN", "date_rf": 1986, "rf_zh": 13.96, "rf_ref": 10.882, "zh_ref": -3.078, "zh_elli": 44.771, "reference": "IGN69"}, "geometry": null}, {"type": "Feature", "properties": {"site": "Pornic", "zone": "Loire, Vendée", "latitude": 47.109167, "longitude": -2.113667, "et": 3.63, "date_ch": null, "phma": 6.54, "pmve": 5.8, "pmme": 4.7, "nm": 3.57, "bmve": 0.8, "bmme": 2.2, "pbma": -0.02, "rf": "O.S.K3L3 - 6", "organisme": "IGN", "date_rf": 1985, "rf_zh": 41.636, "rf_ref": 38.437, "zh_ref": -3.199, "zh_elli": null, "reference": "IGN69"}, "geometry": null}, {"type": "Feature", "properties": {"site": "L'Herbaudière (Île de Noirmoutier)", "zone": "Loire, Vendée", "latitude": 47.026667, "longitude": -2.298333, "et": 3.38, "date_ch": 2022, "phma": 6.48, "pmve": 5.8, "pmme": 4.65, "nm": 3.6, "bmve": 0.95, "bmme": 2.3, "pbma": 0.21, "rf": "O.I.K3-35", "organisme": "IGN", "date_rf": 2011, "rf_zh": 14.163, "rf_ref": 11.058, "zh_ref": -3.105, "zh_elli": 44.716, "reference": "IGN69"}, "geometry": null}, {"type": "Feature", "properties": {"site": "Fromentine (embarcadère)", "zone": "Loire, Vendée", "latitude": 46.893333, "longitude": -2.14, "et": 3.52, "date_ch": 2023, "phma": 6.25, "pmve": 5.5, "pmme": 4.35, "nm": 3.4, "bmve": 0.95, "bmme": 2.15, "pbma": 0.33, "rf": "O.I.K3N3-30e", "organisme": "IGN", "date_rf": 2010, "rf_zh": 7.176, "rf_ref": 4.365, "zh_ref": -2.811, "zh_elli": 44.885, "reference": "IGN69"}, "geometry": null}, {"type": "Feature", "properties": {"site": "Bouée Fromentine", "zone": "Loire, Vendée", "latitude": 46.8847, "longitude": -2.193167, "et": 3.36, "date_ch": 2016, "phma": 5.9, "pmve": 5.2, "pmme": 4.2, "nm": 3.2, "bmve": 0.75, "bmme": 2, "pbma": 0, "rf": "pas de rattachement", "organisme": null, "date_rf": null, "rf_zh": null, "rf_ref": null, "zh_ref": null, "zh_elli": null, "reference": null}, "geometry": null}, {"type": "Feature", "properties": {"site": "Port-Joinville (Île d'Yeu)", "zone": "Loire, Vendée", "latitude": 46.726667, "longitude": -2.348, "et": 3.26, "date_ch": 2020, "phma": 5.81, "pmve": 5.25, "pmme": 4.2, "nm": 3.12, "bmve": 0.9, "bmme": 2.1, "pbma": 0.09, "rf": "O.I.K3-126", "organisme": "IGN", "date_rf": 2008, "rf_zh": 16.656, "rf_ref": 13.876, "zh_ref": -2.78, "zh_elli": 45.107, "reference": "IGN69"}, "geometry": null}, {"type": "Feature", "properties": {"site": "Saint-Gilles-Croix-de-Vie", "zone": "Loire, Vendée", "latitude": 46.696667, "longitude": -1.9425, "et": 3.41, "date_ch": null, "phma": 5.87, "pmve": 5.25, "pmme": 4.25, "nm": 3.17, "bmve": 0.85, "bmme": 2.1, "pbma": 0.01, "rf": "O.I.K3.M3 - 34", "organisme": "IGN", "date_rf": 2008, "rf_zh": 7.805, "rf_ref": 5.053, "zh_ref": -2.752, "zh_elli": null, "reference": "IGN69"}, "geometry": null}, {"type": "Feature", "properties": {"site": "La Rochelle - La Pallice", "zone": "Pertuis Charentais", "latitude": 46.16, "longitude": -1.221667, "et": 3.4, "date_ch": null, "phma": 6.87, "pmve": 6.1, "pmme": 4.95, "nm": 3.9, "bmve": 1, "bmme": 2.5, "pbma": 0.17, "rf": "O.O.K3-126", "organisme": "IGN", "date_rf": 2011, "rf_zh": 9.107, "rf_ref": 5.604, "zh_ref": -3.503, "zh_elli": 43.474, "reference": "IGN69"}, "geometry": null}, {"type": "Feature", "properties": {"site": "L'Aiguillon-sur-Mer", "zone": "Pertuis Charentais", "latitude": 46.335, "longitude": -1.316389, "et": 3.73, "date_ch": 2015, "phma": 6.74, "pmve": 6.3, "pmme": 5.1, "nm": 4.05, "bmve": 1.65, "bmme": 2.45, "pbma": 0.8, "rf": "O.H.A3C3 - 38", "organisme": "IGN", "date_rf": 2015, "rf_zh": 9.286, "rf_ref": 5.784, "zh_ref": -3.502, "zh_elli": 43.483, "reference": "IGN69"}, "geometry": null}, {"type": "Feature", "properties": {"site": "Pointe de l'Aiguillon", "zone": "Pertuis Charentais", "latitude": 46.2575, "longitude": -1.190833, "et": 3.51, "date_ch": null, "phma": 7.05, "pmve": 6.3, "pmme": 5.15, "nm": 4.05, "bmve": 1, "bmme": 2.6, "pbma": 0.18, "rf": "pas de rattachement", "organisme": null, "date_rf": null, "rf_zh": null, "rf_ref": null, "zh_ref": null, "zh_elli": null, "reference": null}, "geometry": null}, {"type": "Feature", "properties": {"site": "Saint-Martin-de-Ré (Île de Ré)", "zone": "Pertuis Charentais", "latitude": 46.208, "longitude": -1.3655, "et": 3.44, "date_ch": null, "phma": 6.72, "pmve": 6, "pmme": 4.85, "nm": 3.82, "bmve": 0.95, "bmme": 2.45, "pbma": 0.14, "rf": "O.HO-42", "organisme": "IGN", "date_rf": 2011, "rf_zh": 8.056, "rf_ref": 4.553, "zh_ref": -3.503, "zh_elli": null, "reference": "IGN69"}, "geometry": null}, {"type": "Feature", "properties": {"site": "Saint-Denis d'Oléron", "zone": "Pertuis Charentais", "latitude": 46.036833, "longitude": -1.372333, "et": 3.34, "date_ch": null, "phma": 6.85, "pmve": 6.1, "pmme": 4.95, "nm": 3.89, "bmve": 1, "bmme": 2.5, "pbma": 0.17, "rf": "O.O.P3 - 66", "organisme": "IGN", "date_rf": 2011, "rf_zh": 7.764, "rf_ref": 4.355, "zh_ref": -3.409, "zh_elli": 43.486, "reference": "IGN69"}, "geometry": null}, {"type": "Feature", "properties": {"site": "Port du Douhet (Bouée W)", "zone": "Pertuis Charentais", "latitude": 46.006167, "longitude": -1.296333, "et": 3.34, "date_ch": 2012, "phma": 6.83, "pmve": 6.1, "pmme": 4.95, "nm": 3.9, "bmve": 1, "bmme": 2.5, "pbma": 0.16, "rf": "pas de rattachement", "organisme": null, "date_rf": null, "rf_zh": null, "rf_ref": null, "zh_ref": null, "zh_elli": null, "reference": null}, "geometry": null}, {"type": "Feature", "properties": {"site": "Fort Boyard", "zone": "Pertuis Charentais", "latitude": 46, "longitude": -1.211667, "et": 3.29, "date_ch": null, "phma": 6.87, "pmve": 6.15, "pmme": 5, "nm": 3.94, "bmve": 1.05, "bmme": 2.5, "pbma": 0.3, "rf": "pas de rattachement", "organisme": null, "date_rf": null, "rf_zh": null, "rf_ref": null, "zh_ref": null, "zh_elli": null, "reference": null}, "geometry": null}, {"type": "Feature", "properties": {"site": "Île d'Aix", "zone": "Pertuis Charentais", "latitude": 46.008333, "longitude": -1.173333, "et": 3.38, "date_ch": 2017, "phma": 6.95, "pmve": 6.15, "pmme": 5, "nm": 3.96, "bmve": 1, "bmme": 2.5, "pbma": 0.09, "rf": "O.O.K3-195c", "organisme": "IGN", "date_rf": 2011, "rf_zh": 7.65, "rf_ref": 4.145, "zh_ref": -3.505, "zh_elli": 43.315, "reference": "IGN69"}, "geometry": null}, {"type": "Feature", "properties": {"site": "Le Vergeroux", "zone": "Pertuis Charentais", "latitude": 45.966667, "longitude": -0.983333, "et": null, "date_ch": null, "phma": null, "pmve": 6.1, "pmme": null, "nm": null, "bmve": null, "bmme": null, "pbma": null, "rf": "pas de rattachement", "organisme": null, "date_rf": null, "rf_zh": null, "rf_ref": null, "zh_ref": null, "zh_elli": null, "reference": null}, "geometry": null}, {"type": "Feature", "properties": {"site": "Rochefort", "zone": "Pertuis Charentais", "latitude": 45.95, "longitude": -0.966667, "et": 3.97, "date_ch": 2010, "phma": 7.23, "pmve": 6.7, "pmme": 5.35, "nm": 4.19, "bmve": 1.05, "bmme": 2.25, "pbma": 0.81, "rf": "O.O.K3-7F Bis", "organisme": "IGN", "date_rf": 1995, "rf_zh": 7.583, "rf_ref": 4.043, "zh_ref": -3.54, "zh_elli": null, "reference": "IGN69"}, "geometry": null}, {"type": "Feature", "properties": {"site": "Le Chapus", "zone": "Pertuis Charentais", "latitude": 45.853667, "longitude": -1.178, "et": 3.52, "date_ch": null, "phma": 6.67, "pmve": 6.1, "pmme": 5.05, "nm": 3.99, "bmve": 1.25, "bmme": 2.55, "pbma": 0.58, "rf": "O.O.K3P3 - 21", "organisme": "IGN", "date_rf": 2011, "rf_zh": 7.67, "rf_ref": 4.155, "zh_ref": -3.515, "zh_elli": null, "reference": "IGN69"}, "geometry": null}, {"type": "Feature", "properties": {"site": "Pont aval de la Seudre", "zone": "Pertuis Charentais", "latitude": 45.799561, "longitude": -1.137801, "et": 3.6, "date_ch": 2021, "phma": 6.03, "pmve": 5.35, "pmme": 4.3, "nm": 3.29, "bmve": 0.75, "bmme": 1.95, "pbma": 0.14, "rf": "O.O.P3 - 96", "organisme": "IGN", "date_rf": 1986, "rf_zh": 11.473, "rf_ref": 8.725, "zh_ref": -2.748, "zh_elli": 43.824, "reference": "IGN69"}, "geometry": null}, {"type": "Feature", "properties": {"site": "La Cayenne", "zone": "Pertuis Charentais", "latitude": 45.789167, "longitude": -1.1255, "et": 3.78, "date_ch": null, "phma": 6.15, "pmve": 5.6, "pmme": 4.65, "nm": 3.63, "bmve": 1.05, "bmme": 2.45, "pbma": 0.33, "rf": "pas de rattachement", "organisme": null, "date_rf": null, "rf_zh": null, "rf_ref": null, "zh_ref": null, "zh_elli": null, "reference": null}, "geometry": null}, {"type": "Feature", "properties": {"site": "Pointe de Grave", "zone": "Abords de la Gironde", "latitude": 45.568667, "longitude": -1.066667, "et": 3.81, "date_ch": 2017, "phma": 5.9, "pmve": 5.3, "pmme": 4.35, "nm": 3.29, "bmve": 1.1, "bmme": 2.1, "pbma": 0.54, "rf": "O.NP-6", "organisme": "IGN", "date_rf": 1973, "rf_zh": 7.808, "rf_ref": 4.977, "zh_ref": -2.831, "zh_elli": 43.433, "reference": "IGN69"}, "geometry": null}, {"type": "Feature", "properties": {"site": "La Cotinière", "zone": "Abords de la Gironde", "latitude": 45.914167, "longitude": -1.325833, "et": 3.2, "date_ch": 2012, "phma": 6.31, "pmve": 5.6, "pmme": 4.65, "nm": 3.62, "bmve": 1.35, "bmme": 2.35, "pbma": 0.61, "rf": "O.O.P3-182", "organisme": "IGN", "date_rf": 2015, "rf_zh": 8.569, "rf_ref": 5.378, "zh_ref": -3.191, "zh_elli": 43.596, "reference": "IGN69"}, "geometry": null}, {"type": "Feature", "properties": {"site": "Pointe de Gatseau", "zone": "Abords de la Gironde", "latitude": 45.799167, "longitude": -1.236667, "et": 3.63, "date_ch": null, "phma": 6.02, "pmve": 5.35, "pmme": 4.45, "nm": 3.44, "bmve": 1.25, "bmme": 2.25, "pbma": 0.51, "rf": "pas de rattachement", "organisme": null, "date_rf": null, "rf_zh": null, "rf_ref": null, "zh_ref": null, "zh_elli": null, "reference": null}, "geometry": null}, {"type": "Feature", "properties": {"site": "Cordouan", "zone": "Abords de la Gironde", "latitude": 45.583333, "longitude": -1.166667, "et": 3.52, "date_ch": null, "phma": 5.75, "pmve": 5, "pmme": 4.05, "nm": 3.03, "bmve": 0.9, "bmme": 1.85, "pbma": 0.09, "rf": "pas de rattachement", "organisme": null, "date_rf": null, "rf_zh": null, "rf_ref": null, "zh_ref": null, "zh_elli": null, "reference": null}, "geometry": null}, {"type": "Feature", "properties": {"site": "Lacanau", "zone": "Abords de la Gironde", "latitude": 45, "longitude": -1.2, "et": 3.66, "date_ch": null, "phma": 5.3, "pmve": 4.65, "pmme": 3.75, "nm": 2.69, "bmve": 0.65, "bmme": 1.6, "pbma": -0.02, "rf": "pas de rattachement", "organisme": null, "date_rf": null, "rf_zh": null, "rf_ref": null, "zh_ref": null, "zh_elli": null, "reference": null}, "geometry": null}, {"type": "Feature", "properties": {"site": "Royan", "zone": "Abords de la Gironde", "latitude": 45.619333, "longitude": -1.028, "et": 3.65, "date_ch": 2015, "phma": 6.03, "pmve": 5.4, "pmme": 4.45, "nm": 3.42, "bmve": 1.2, "bmme": 2.2, "pbma": 0.66, "rf": "O.GP-30", "organisme": "IGN", "date_rf": 2011, "rf_zh": 13.044, "rf_ref": 10.054, "zh_ref": -2.99, "zh_elli": 43.36, "reference": "IGN69"}, "geometry": null}, {"type": "Feature", "properties": {"site": "Le Verdon-sur-Mer", "zone": "Abords de la Gironde", "latitude": 45.546333, "longitude": -1.040833, "et": 3.77, "date_ch": null, "phma": 6.09, "pmve": 5.45, "pmme": 4.45, "nm": 3.33, "bmve": 1.05, "bmme": 2.1, "pbma": 0.51, "rf": "O.NP-10", "organisme": "IGN", "date_rf": 1974, "rf_zh": 8.827, "rf_ref": 5.948, "zh_ref": -2.879, "zh_elli": 43.386, "reference": "IGN69"}, "geometry": null}, {"type": "Feature", "properties": {"site": "Richard", "zone": "Abords de la Gironde", "latitude": 45.453667, "longitude": -0.92305, "et": 4.23, "date_ch": 2017, "phma": 6.15, "pmve": 5.55, "pmme": 4.55, "nm": 3.38, "bmve": 1.05, "bmme": 2, "pbma": 0.46, "rf": "O.PQ - 24", "organisme": "IGN", "date_rf": 1975, "rf_zh": 6.812, "rf_ref": 3.953, "zh_ref": -2.859, "zh_elli": 43.325, "reference": "IGN69"}, "geometry": null}, {"type": "Feature", "properties": {"site": "Lamena", "zone": "Abords de la Gironde", "latitude": 45.335733, "longitude": -0.795217, "et": 4.6, "date_ch": 2017, "phma": 6.29, "pmve": 5.7, "pmme": 4.6, "nm": 3.32, "bmve": 0.85, "bmme": 1.75, "pbma": 0.23, "rf": "O.PQ - 51", "organisme": "IGN", "date_rf": 1975, "rf_zh": 6.676, "rf_ref": 3.859, "zh_ref": -2.817, "zh_elli": 43.255, "reference": "IGN69"}, "geometry": null}, {"type": "Feature", "properties": {"site": "Bordeaux", "zone": "La Gironde, la Garonne", "latitude": 44.859982, "longitude": -0.552805, "et": null, "date_ch": null, "phma": null, "pmve": 5.35, "pmme": 4.25, "nm": 2.45, "bmve": 0.05, "bmme": 0.45, "pbma": null, "rf": "O.P.N3Q3-7", "organisme": "IGN", "date_rf": 1986, "rf_zh": 6.896, "rf_ref": 5.084, "zh_ref": -1.812, "zh_elli": 44.244, "reference": "IGN69"}, "geometry": null}, {"type": "Feature", "properties": {"site": "Pauillac - Trompeloup", "zone": "La Gironde, la Garonne", "latitude": 45.2168, "longitude": -0.746, "et": 5.02, "date_ch": 2017, "phma": 6.24, "pmve": 5.6, "pmme": 4.5, "nm": 3.12, "bmve": 0.6, "bmme": 1.4, "pbma": null, "rf": "O.FR-1", "organisme": "IGN", "date_rf": 1975, "rf_zh": 10.021, "rf_ref": 7.482, "zh_ref": -2.539, "zh_elli": 43.413, "reference": "IGN69"}, "geometry": null}, {"type": "Feature", "properties": {"site": "Fort Médoc", "zone": "La Gironde, la Garonne", "latitude": 45.11727, "longitude": -0.70026, "et": 5.29, "date_ch": 2017, "phma": 6.18, "pmve": 5.55, "pmme": 4.4, "nm": 2.9, "bmve": 0.3, "bmme": 1.05, "pbma": null, "rf": "O.R.C3-4", "organisme": "IGN", "date_rf": 1975, "rf_zh": 6.195, "rf_ref": 3.935, "zh_ref": -2.26, "zh_elli": 43.658, "reference": "IGN69"}, "geometry": null}, {"type": "Feature", "properties": {"site": "Le Marquis", "zone": "La Gironde, la Garonne", "latitude": 45.00312, "longitude": -0.55967, "et": null, "date_ch": null, "phma": null, "pmve": 5.15, "pmme": 4.05, "nm": 2.46, "bmve": 0.1, "bmme": 0.6, "pbma": null, "rf": "O.P.P3Q3 - 38", "organisme": "IGN", "date_rf": 1985, "rf_zh": 6.784, "rf_ref": 4.906, "zh_ref": -1.878, "zh_elli": 43.993, "reference": "IGN69"}, "geometry": null}, {"type": "Feature", "properties": {"site": "Saint-Jean-de-Luz", "zone": "Abords d'Arcachon et de Cap Breton", "latitude": 43.395, "longitude": -1.681667, "et": 3.18, "date_ch": 2011, "phma": 4.97, "pmve": 4.35, "pmme": 3.4, "nm": 2.51, "bmve": 0.6, "bmme": 1.6, "pbma": 0.03, "rf": "O.A.K3L3-4-II", "organisme": "IGN", "date_rf": 2012, "rf_zh": 7.975, "rf_ref": 5.802, "zh_ref": -2.173, "zh_elli": 46.595, "reference": "IGN69"}, "geometry": null}, {"type": "Feature", "properties": {"site": "Arcachon", "zone": "Abords d'Arcachon et de Cap Breton", "latitude": 44.664333, "longitude": -1.163667, "et": 4.08, "date_ch": 2011, "phma": 4.91, "pmve": 4.35, "pmme": 3.4, "nm": 2.48, "bmve": 0.45, "bmme": 1.3, "pbma": -0.08, "rf": "O.B.N3-69", "organisme": "IGN", "date_rf": 1982, "rf_zh": 6.518, "rf_ref": 4.538, "zh_ref": -1.98, "zh_elli": 44.751, "reference": "IGN69"}, "geometry": null}, {"type": "Feature", "properties": {"site": "Le Grand Piquey", "zone": "Abords d'Arcachon et de Cap Breton", "latitude": 44.7135, "longitude": -1.210833, "et": 4.22, "date_ch": null, "phma": 4.65, "pmve": 4.2, "pmme": 3.25, "nm": 2.37, "bmve": 0.3, "bmme": 1.25, "pbma": -0.28, "rf": "O.N.C3 - 27", "organisme": "IGN", "date_rf": 1975, "rf_zh": 7.995, "rf_ref": 6.014, "zh_ref": -1.981, "zh_elli": null, "reference": "IGN69"}, "geometry": null}, {"type": "Feature", "properties": {"site": "Cap Ferret", "zone": "Abords d'Arcachon et de Cap Breton", "latitude": 44.629167, "longitude": -1.241667, "et": 3.81, "date_ch": null, "phma": 4.51, "pmve": 4.2, "pmme": 3.35, "nm": 2.37, "bmve": 0.6, "bmme": 1.4, "pbma": 0.03, "rf": "O.N.C3-41", "organisme": "IGN", "date_rf": 1975, "rf_zh": 7.699, "rf_ref": 5.719, "zh_ref": -1.98, "zh_elli": 44.886, "reference": "IGN69"}, "geometry": null}, {"type": "Feature", "properties": {"site": "Pilat Plage", "zone": "Abords d'Arcachon et de Cap Breton", "latitude": 44.603056, "longitude": -1.210556, "et": 3.77, "date_ch": null, "phma": 4.54, "pmve": 4.05, "pmme": 3.2, "nm": 2.33, "bmve": 0.45, "bmme": 1.3, "pbma": -0.09, "rf": "O.B.N3 - 86", "organisme": "IGN", "date_rf": 1982, "rf_zh": 7.045, "rf_ref": 5.04, "zh_ref": -2.005, "zh_elli": null, "reference": "IGN69"}, "geometry": null}, {"type": "Feature", "properties": {"site": "Boucau-Bayonne", "zone": "Abords d'Arcachon et de Cap Breton", "latitude": 43.527222, "longitude": -1.514722, "et": 3.28, "date_ch": null, "phma": 4.84, "pmve": 4.25, "pmme": 3.35, "nm": 2.53, "bmve": 0.75, "bmme": 1.7, "pbma": 0.17, "rf": "O.B.N3-22", "organisme": "IGN", "date_rf": 1982, "rf_zh": 8.719, "rf_ref": 6.576, "zh_ref": -2.143, "zh_elli": 46.706, "reference": "IGN69"}, "geometry": null}, {"type": "Feature", "properties": {"site": "Biscarrosse", "zone": "Abords d'Arcachon et de Cap Breton", "latitude": 44.46755, "longitude": -1.27075, "et": 3.18, "date_ch": null, "phma": 4.91, "pmve": 4.35, "pmme": 3.35, "nm": 2.49, "bmve": 0.55, "bmme": 1.55, "pbma": -0.03, "rf": "pas de rattachement", "organisme": null, "date_rf": null, "rf_zh": null, "rf_ref": null, "zh_ref": null, "zh_elli": null, "reference": null}, "geometry": null}, {"type": "Feature", "properties": {"site": "Mimizan", "zone": "Abords d'Arcachon et de Cap Breton", "latitude": 44.216667, "longitude": -1.3, "et": 3.21, "date_ch": 2020, "phma": 5.11, "pmve": 4.5, "pmme": 3.55, "nm": 2.63, "bmve": 0.7, "bmme": 1.7, "pbma": 0.06, "rf": "O.B.N3 - 148c", "organisme": "IGN", "date_rf": 2012, "rf_zh": 7.515, "rf_ref": 5.355, "zh_ref": -2.16, "zh_elli": 45.68, "reference": "IGN69"}, "geometry": null}, {"type": "Feature", "properties": {"site": "Capbreton", "zone": "Abords d'Arcachon et de Cap Breton", "latitude": 43.653667, "longitude": -1.437167, "et": 3.25, "date_ch": 2011, "phma": 4.79, "pmve": 4.3, "pmme": 3.35, "nm": 2.41, "bmve": 0.6, "bmme": 1.5, "pbma": 0.03, "rf": "O.B.N3-22e", "organisme": "IGN", "date_rf": 2006, "rf_zh": 9.451, "rf_ref": 7.357, "zh_ref": -2.094, "zh_elli": 46.281, "reference": "IGN69"}, "geometry": null}, {"type": "Feature", "properties": {"site": "Hendaye", "zone": "Abords d'Arcachon et de Cap Breton", "latitude": 43.379333, "longitude": -1.784667, "et": 3.16, "date_ch": 2011, "phma": 4.99, "pmve": 4.4, "pmme": 3.45, "nm": 2.52, "bmve": 0.5, "bmme": 1.65, "pbma": 0, "rf": "EO-138C", "organisme": "IGN", "date_rf": 2006, "rf_zh": 9.501, "rf_ref": 7.283, "zh_ref": -2.218, "zh_elli": 46.49, "reference": "IGN69"}, "geometry": null}, {"type": "Feature", "properties": {"site": "Toulon", "zone": "Méditerranée", "latitude": 43.122678, "longitude": 5.914669, "et": null, "date_ch": null, "phma": 0.64, "pmve": null, "pmme": null, "nm": 0.42, "bmve": null, "bmme": null, "pbma": 0.17, "rf": "M.A.E3-9 Bis", "organisme": "IGN", "date_rf": 2019, "rf_zh": 3.907, "rf_ref": 3.655, "zh_ref": -0.252, "zh_elli": 48.226, "reference": "IGN69"}, "geometry": null}, {"type": "Feature", "properties": {"site": "Banyuls-sur-Mer", "zone": "Méditerranée", "latitude": 42.481667, "longitude": 3.138167, "et": null, "date_ch": 2014, "phma": 0.74, "pmve": null, "pmme": null, "nm": 0.57, "bmve": null, "bmme": null, "pbma": 0.43, "rf": "M.E.I3 - 7", "organisme": "IGN", "date_rf": 1983, "rf_zh": 4.961, "rf_ref": 4.423, "zh_ref": -0.538, "zh_elli": null, "reference": "IGN69"}, "geometry": null}, {"type": "Feature", "properties": {"site": "Port-Vendres", "zone": "Méditerranée", "latitude": 42.520044, "longitude": 3.107369, "et": null, "date_ch": 2014, "phma": 0.72, "pmve": null, "pmme": null, "nm": 0.52, "bmve": null, "bmme": null, "pbma": 0.31, "rf": "EM 47", "organisme": "IGN", "date_rf": 2020, "rf_zh": 2.584, "rf_ref": 2.192, "zh_ref": -0.392, "zh_elli": 49.341, "reference": "IGN69"}, "geometry": null}, {"type": "Feature", "properties": {"site": "Port-la-Nouvelle", "zone": "Méditerranée", "latitude": 43.015278, "longitude": 3.061944, "et": null, "date_ch": 2017, "phma": 0.75, "pmve": null, "pmme": null, "nm": 0.55, "bmve": null, "bmme": null, "pbma": 0.34, "rf": "M.E.K3-21", "organisme": "IGN", "date_rf": 2019, "rf_zh": 3.74, "rf_ref": 3.319, "zh_ref": -0.421, "zh_elli": 49.096, "reference": "IGN69"}, "geometry": null}, {"type": "Feature", "properties": {"site": "Gruissan", "zone": "Méditerranée", "latitude": 43.106667, "longitude": 3.101667, "et": null, "date_ch": 2012, "phma": 0.91, "pmve": null, "pmme": null, "nm": 0.68, "bmve": null, "bmme": null, "pbma": 0.47, "rf": "M.E.K3 - 180", "organisme": "IGN", "date_rf": 1994, "rf_zh": 3.453, "rf_ref": 3.026, "zh_ref": -0.427, "zh_elli": 48.951, "reference": "IGN69"}, "geometry": null}, {"type": "Feature", "properties": {"site": "Port de Sète", "zone": "Méditerranée", "latitude": 43.397642, "longitude": 3.699108, "et": null, "date_ch": 2017, "phma": 0.67, "pmve": null, "pmme": null, "nm": 0.46, "bmve": null, "bmme": null, "pbma": 0.25, "rf": "M.E.M3-39", "organisme": "IGN", "date_rf": 2019, "rf_zh": 6.422, "rf_ref": 6.115, "zh_ref": -0.307, "zh_elli": 49.187, "reference": "IGN69"}, "geometry": null}, {"type": "Feature", "properties": {"site": "Port Camargue", "zone": "Méditerranée", "latitude": 43.520333, "longitude": 4.126333, "et": null, "date_ch": 2012, "phma": 0.76, "pmve": null, "pmme": null, "nm": 0.53, "bmve": null, "bmme": null, "pbma": 0.35, "rf": "M.F.CF3G3-11", "organisme": "IGN", "date_rf": 2019, "rf_zh": 2.634, "rf_ref": 2.349, "zh_ref": -0.285, "zh_elli": 49.143, "reference": "IGN69"}, "geometry": null}, {"type": "Feature", "properties": {"site": "Saintes-Maries-de-la-Mer", "zone": "Méditerranée", "latitude": 43.452167, "longitude": 4.398833, "et": null, "date_ch": 2014, "phma": 0.59, "pmve": null, "pmme": null, "nm": 0.4, "bmve": null, "bmme": null, "pbma": 0.17, "rf": "M.C.D3F3 - 24", "organisme": "IGN", "date_rf": 1994, "rf_zh": 1.515, "rf_ref": 1.248, "zh_ref": -0.267, "zh_elli": null, "reference": "IGN69"}, "geometry": null}, {"type": "Feature", "properties": {"site": "Fos-sur-Mer", "zone": "Méditerranée", "latitude": 43.416833, "longitude": 4.888833, "et": null, "date_ch": 2017, "phma": 0.71, "pmve": null, "pmme": null, "nm": 0.49, "bmve": null, "bmme": null, "pbma": 0.27, "rf": "M.C.L3-2b", "organisme": "IGN", "date_rf": 2009, "rf_zh": 2.935, "rf_ref": 2.601, "zh_ref": -0.334, "zh_elli": 48.775, "reference": "IGN69"}, "geometry": null}, {"type": "Feature", "properties": {"site": "Port-de-Bouc", "zone": "Méditerranée", "latitude": 43.398333, "longitude": 4.983611, "et": null, "date_ch": 2020, "phma": 0.76, "pmve": null, "pmme": null, "nm": 0.53, "bmve": null, "bmme": null, "pbma": 0.27, "rf": "M.C.B3L3 - 1", "organisme": "IGN", "date_rf": 2019, "rf_zh": 14.505, "rf_ref": 14.185, "zh_ref": -0.32, "zh_elli": 48.756, "reference": "IGN69"}, "geometry": null}, {"type": "Feature", "properties": {"site": "Marseille (Corniche)", "zone": "Méditerranée", "latitude": 43.278789, "longitude": 5.353736, "et": null, "date_ch": 2010, "phma": 0.7, "pmve": null, "pmme": null, "nm": 0.49, "bmve": null, "bmme": null, "pbma": 0.27, "rf": "M.AC-0-VIII", "organisme": "IGN", "date_rf": 2014, "rf_zh": 1.99, "rf_ref": 1.661, "zh_ref": -0.329, "zh_elli": 48.602, "reference": "IGN69"}, "geometry": null}, {"type": "Feature", "properties": {"site": "Le Petit Gaou", "zone": "Méditerranée", "latitude": 43.06945, "longitude": 5.793617, "et": null, "date_ch": 2012, "phma": 0.66, "pmve": null, "pmme": null, "nm": 0.44, "bmve": null, "bmme": null, "pbma": 0.18, "rf": "M.A.E-89", "organisme": "IGN", "date_rf": 2007, "rf_zh": 7.738, "rf_ref": 7.44, "zh_ref": -0.298, "zh_elli": 47.813, "reference": "IGN69"}, "geometry": null}, {"type": "Feature", "properties": {"site": "Port de la Salette", "zone": "Méditerranée", "latitude": 43.086667, "longitude": 6.08, "et": null, "date_ch": null, "phma": 0.65, "pmve": null, "pmme": null, "nm": 0.49, "bmve": null, "bmme": null, "pbma": 0.34, "rf": "M.A.E3 - 135", "organisme": "IGN", "date_rf": 2005, "rf_zh": 16.723, "rf_ref": 16.498, "zh_ref": -0.225, "zh_elli": null, "reference": "IGN69"}, "geometry": null}, {"type": "Feature", "properties": {"site": "Port Pothuau", "zone": "Méditerranée", "latitude": 43.115917, "longitude": 6.201733, "et": null, "date_ch": 2011, "phma": 0.7, "pmve": null, "pmme": null, "nm": 0.47, "bmve": null, "bmme": null, "pbma": 0.19, "rf": "M.A.A3E3-41", "organisme": "IGN", "date_rf": 1981, "rf_zh": 12.853, "rf_ref": 12.547, "zh_ref": -0.306, "zh_elli": 48.071, "reference": "IGN69"}, "geometry": null}, {"type": "Feature", "properties": {"site": "Port Avis", "zone": "Méditerranée", "latitude": 43.0259, "longitude": 6.453817, "et": null, "date_ch": 2021, "phma": 0.64, "pmve": null, "pmme": null, "nm": 0.43, "bmve": null, "bmme": null, "pbma": 0.18, "rf": "Repère de nivellement de type Shom implanté sur la surface verticale du plan incliné du quai roro du Gapeau", "organisme": "Shom", "date_rf": 2021, "rf_zh": 0.953, "rf_ref": 0.679, "zh_ref": -0.274, "zh_elli": 47.087, "reference": "IGN69"}, "geometry": null}, {"type": "Feature", "properties": {"site": "Fort de Bregancon", "zone": "Méditerranée", "latitude": 43.095, "longitude": 6.323333, "et": null, "date_ch": null, "phma": 0.69, "pmve": null, "pmme": null, "nm": 0.44, "bmve": null, "bmme": null, "pbma": 0.19, "rf": "M.A.E3-154", "organisme": "IGN", "date_rf": 1983, "rf_zh": 23.891, "rf_ref": 23.638, "zh_ref": -0.253, "zh_elli": null, "reference": "IGN69"}, "geometry": null}, {"type": "Feature", "properties": {"site": "Cavalaire", "zone": "Méditerranée", "latitude": 43.1725, "longitude": 6.5355, "et": null, "date_ch": null, "phma": 0.55, "pmve": null, "pmme": null, "nm": 0.32, "bmve": null, "bmme": null, "pbma": 0.09, "rf": "M.A.E3F3 - 48", "organisme": "IGN", "date_rf": 1981, "rf_zh": 4.699, "rf_ref": 4.509, "zh_ref": -0.19, "zh_elli": null, "reference": "IGN69"}, "geometry": null}, {"type": "Feature", "properties": {"site": "Saint-Tropez", "zone": "Méditerranée", "latitude": 43.271667, "longitude": 6.634667, "et": null, "date_ch": null, "phma": 0.68, "pmve": null, "pmme": null, "nm": 0.47, "bmve": null, "bmme": null, "pbma": 0.25, "rf": "M.A.E3 - 78", "organisme": "IGN", "date_rf": 1983, "rf_zh": 5.134, "rf_ref": 4.834, "zh_ref": -0.3, "zh_elli": 47.91, "reference": "IGN69"}, "geometry": null}, {"type": "Feature", "properties": {"site": "Port Ferréol", "zone": "Méditerranée", "latitude": 43.359067, "longitude": 6.7176, "et": null, "date_ch": 2017, "phma": 0.73, "pmve": null, "pmme": null, "nm": 0.5, "bmve": null, "bmme": null, "pbma": 0.27, "rf": "M.A.D3E3 - 18", "organisme": "IGN", "date_rf": 2016, "rf_zh": 10.957, "rf_ref": 10.623, "zh_ref": -0.334, "zh_elli": 47.973, "reference": "IGN69"}, "geometry": null}, {"type": "Feature", "properties": {"site": "La Figueirette", "zone": "Méditerranée", "latitude": 43.483533, "longitude": 6.933767, "et": null, "date_ch": 2017, "phma": 0.74, "pmve": null, "pmme": null, "nm": 0.51, "bmve": null, "bmme": null, "pbma": 0.29, "rf": "M.A.K3-55", "organisme": "IGN", "date_rf": 2016, "rf_zh": 2.32, "rf_ref": 1.991, "zh_ref": -0.329, "zh_elli": 48.11, "reference": "IGN69"}, "geometry": null}, {"type": "Feature", "properties": {"site": "Nice", "zone": "Méditerranée", "latitude": 43.6955, "longitude": 7.285267, "et": null, "date_ch": 2017, "phma": 0.75, "pmve": null, "pmme": null, "nm": 0.54, "bmve": null, "bmme": null, "pbma": 0.29, "rf": "M.A.I3K3 - 1 bis", "organisme": "IGN", "date_rf": 2008, "rf_zh": 3.034, "rf_ref": 2.69, "zh_ref": -0.344, "zh_elli": 48.4, "reference": "IGN69"}, "geometry": null}, {"type": "Feature", "properties": {"site": "Monaco", "zone": "Méditerranée", "latitude": 43.732814, "longitude": 7.423936, "et": null, "date_ch": 2017, "phma": 0.73, "pmve": null, "pmme": null, "nm": 0.52, "bmve": null, "bmme": null, "pbma": 0.27, "rf": "Repère en acier (RN101 du service topographique monégasque)  situé à l'entrée ouest du tunnel T1, avenue Albert II.", "organisme": "Shom", "date_rf": 2018, "rf_zh": 5.697, "rf_ref": 5.361, "zh_ref": -0.336, "zh_elli": 48.486, "reference": "IGN69"}, "geometry": null}, {"type": "Feature", "properties": {"site": "Centuri", "zone": "Méditerranée", "latitude": 42.966, "longitude": 9.350167, "et": null, "date_ch": 2017, "phma": 0.73, "pmve": null, "pmme": null, "nm": 0.48, "bmve": null, "bmme": null, "pbma": 0.19, "rf": "M.GJ - 31d", "organisme": "IGN", "date_rf": 2021, "rf_zh": 2.396, "rf_ref": 2.045, "zh_ref": -0.351, "zh_elli": 47.734, "reference": "IGN78"}, "geometry": null}, {"type": "Feature", "properties": {"site": "Macinaggio", "zone": "Méditerranée", "latitude": 42.959167, "longitude": 9.455833, "et": null, "date_ch": 2009, "phma": 0.74, "pmve": null, "pmme": null, "nm": 0.46, "bmve": null, "bmme": null, "pbma": 0.16, "rf": "M.GHJ", "organisme": "IGN", "date_rf": 2013, "rf_zh": 3.726, "rf_ref": 3.33, "zh_ref": -0.396, "zh_elli": 47.827, "reference": "IGN78"}, "geometry": null}, {"type": "Feature", "properties": {"site": "Bastia", "zone": "Méditerranée", "latitude": 42.7, "longitude": 9.455, "et": null, "date_ch": 2016, "phma": 0.85, "pmve": null, "pmme": null, "nm": 0.58, "bmve": null, "bmme": null, "pbma": 0.29, "rf": "MM' - 2", "organisme": "IGN", "date_rf": 1978, "rf_zh": 12.829, "rf_ref": 12.344, "zh_ref": -0.485, "zh_elli": 47.971, "reference": "IGN78"}, "geometry": null}, {"type": "Feature", "properties": {"site": "Saint-Florent", "zone": "Méditerranée", "latitude": 42.68, "longitude": 9.3, "et": null, "date_ch": 2017, "phma": 0.77, "pmve": null, "pmme": null, "nm": 0.49, "bmve": null, "bmme": null, "pbma": 0.18, "rf": "FM-347", "organisme": "IGN", "date_rf": 1978, "rf_zh": 2.398, "rf_ref": 1.986, "zh_ref": -0.412, "zh_elli": 48.327, "reference": "IGN78"}, "geometry": null}, {"type": "Feature", "properties": {"site": "Île-Rousse", "zone": "Méditerranée", "latitude": 42.6395, "longitude": 8.936333, "et": null, "date_ch": 2015, "phma": 0.67, "pmve": null, "pmme": null, "nm": 0.44, "bmve": null, "bmme": null, "pbma": 0.18, "rf": "FM-286 BIS", "organisme": "IGN", "date_rf": 2011, "rf_zh": 6.354, "rf_ref": 5.929, "zh_ref": -0.425, "zh_elli": 47.867, "reference": "IGN78"}, "geometry": null}, {"type": "Feature", "properties": {"site": "Calvi", "zone": "Méditerranée", "latitude": 42.566667, "longitude": 8.763333, "et": null, "date_ch": 2016, "phma": 0.63, "pmve": null, "pmme": null, "nm": 0.44, "bmve": null, "bmme": null, "pbma": 0.2, "rf": "FM - 251", "organisme": "IGN", "date_rf": 1978, "rf_zh": 6.411, "rf_ref": 6.004, "zh_ref": -0.407, "zh_elli": 47.774, "reference": "IGN78"}, "geometry": null}, {"type": "Feature", "properties": {"site": "Ajaccio", "zone": "Méditerranée", "latitude": 41.922703, "longitude": 8.762839, "et": null, "date_ch": 2016, "phma": 0.7, "pmve": null, "pmme": null, "nm": 0.47, "bmve": null, "bmme": null, "pbma": 0.21, "rf": "FM\" - 3a BIS", "organisme": "IGN", "date_rf": 2021, "rf_zh": 9.167, "rf_ref": 8.799, "zh_ref": -0.368, "zh_elli": 47.329, "reference": "IGN78"}, "geometry": null}, {"type": "Feature", "properties": {"site": "Solenzara", "zone": "Méditerranée", "latitude": 41.8568, "longitude": 9.403817, "et": null, "date_ch": 2017, "phma": 0.86, "pmve": null, "pmme": null, "nm": 0.58, "bmve": null, "bmme": null, "pbma": 0.29, "rf": "FM' - 156-I", "organisme": "IGN", "date_rf": 2021, "rf_zh": 2.656, "rf_ref": 2.177, "zh_ref": -0.479, "zh_elli": 47.084, "reference": "IGN78"}, "geometry": null}, {"type": "Feature", "properties": {"site": "Propriano", "zone": "Méditerranée", "latitude": 41.676667, "longitude": 8.902167, "et": null, "date_ch": null, "phma": 0.45, "pmve": null, "pmme": null, "nm": 0.3, "bmve": null, "bmme": null, "pbma": 0.13, "rf": "FM\"-113", "organisme": "IGN", "date_rf": 2013, "rf_zh": 9.844, "rf_ref": 9.474, "zh_ref": -0.37, "zh_elli": 47.626, "reference": "IGN78"}, "geometry": null}, {"type": "Feature", "properties": {"site": "Porto-Vecchio", "zone": "Méditerranée", "latitude": 41.590333, "longitude": 9.285667, "et": null, "date_ch": 2016, "phma": 0.74, "pmve": null, "pmme": null, "nm": 0.47, "bmve": null, "bmme": null, "pbma": 0.18, "rf": "FM' - 215", "organisme": "IGN", "date_rf": 2011, "rf_zh": 57.108, "rf_ref": 56.723, "zh_ref": -0.385, "zh_elli": 47.574, "reference": "IGN78"}, "geometry": null}, {"type": "Feature", "properties": {"site": "Senetosa", "zone": "Méditerranée", "latitude": 41.549667, "longitude": 8.815, "et": null, "date_ch": 2009, "phma": 0.67, "pmve": null, "pmme": null, "nm": 0.43, "bmve": null, "bmme": null, "pbma": 0.17, "rf": "Repère baptisé \"marqueur géodésique G3\".", "organisme": "Shom", "date_rf": null, "rf_zh": 3.489, "rf_ref": null, "zh_ref": null, "zh_elli": 47.761, "reference": null}, "geometry": null}, {"type": "Feature", "properties": {"site": "Bonifacio", "zone": "Méditerranée", "latitude": 41.389297, "longitude": 9.163889, "et": null, "date_ch": 2019, "phma": 0.7, "pmve": null, "pmme": null, "nm": 0.46, "bmve": null, "bmme": null, "pbma": 0.19, "rf": "M'M\" - 3", "organisme": "IGN", "date_rf": 2013, "rf_zh": 1.854, "rf_ref": 1.492, "zh_ref": -0.362, "zh_elli": 47.099, "reference": "IGN78"}, "geometry": null}, {"type": "Feature", "properties": {"site": "Saint-Pierre", "zone": "Abords de Saint-Pierre", "latitude": 46.7855, "longitude": -56.1675, "et": null, "date_ch": 2014, "phma": 2.61, "pmve": 2.25, "pmme": 1.9, "nm": 1.4, "bmve": 0.55, "bmme": 0.95, "pbma": 0.3, "rf": "AB-2", "organisme": "IGN", "date_rf": 2018, "rf_zh": 4.19, "rf_ref": 2.915, "zh_ref": -1.275, "zh_elli": -2.65, "reference": "DANGER1950"}, "geometry": null}, {"type": "Feature", "properties": {"site": "Île Miquelon", "zone": "Abords de Saint-Pierre", "latitude": 47.103833, "longitude": -56.373833, "et": null, "date_ch": 2014, "phma": 2.59, "pmve": 2.25, "pmme": 1.9, "nm": 1.39, "bmve": 0.55, "bmme": 0.95, "pbma": 0.29, "rf": "BC-79", "organisme": "IGN", "date_rf": 2018, "rf_zh": 2.964, "rf_ref": 1.659, "zh_ref": -1.305, "zh_elli": -2.847, "reference": "DANGER1950"}, "geometry": null}, {"type": "Feature", "properties": {"site": "Saint-Martin Marigot", "zone": "Saint-Martin et Saint-Barthélemy", "latitude": 18.071, "longitude": -63.086667, "et": null, "date_ch": 2012, "phma": 0.83, "pmve": 0.65, "pmme": null, "nm": 0.53, "bmve": 0.4, "bmme": null, "pbma": 0.23, "rf": "AS-16", "organisme": "IGN", "date_rf": 2019, "rf_zh": 22.099, "rf_ref": 21.74, "zh_ref": -0.359, "zh_elli": -43.717, "reference": "IGN88"}, "geometry": null}, {"type": "Feature", "properties": {"site": "Gustavia", "zone": "Saint-Martin et Saint-Barthélemy", "latitude": 17.90235, "longitude": -62.853533, "et": null, "date_ch": 2012, "phma": 0.83, "pmve": 0.65, "pmme": null, "nm": 0.54, "bmve": 0.4, "bmme": null, "pbma": 0.24, "rf": "A.EF-3", "organisme": "IGN", "date_rf": 2019, "rf_zh": 2.556, "rf_ref": 2.272, "zh_ref": -0.284, "zh_elli": null, "reference": "IGN88"}, "geometry": null}, {"type": "Feature", "properties": {"site": "Pointe-à-Pitre", "zone": "Abords de Pointe-à-Pitre", "latitude": 16.224414, "longitude": -61.531336, "et": null, "date_ch": 2017, "phma": 0.88, "pmve": 0.7, "pmme": null, "nm": 0.58, "bmve": 0.4, "bmme": null, "pbma": 0.18, "rf": "GO-12", "organisme": "IGN", "date_rf": 1988, "rf_zh": 2.883, "rf_ref": 2.423, "zh_ref": -0.46, "zh_elli": -40.929, "reference": "IGN88"}, "geometry": null}, {"type": "Feature", "properties": {"site": "Saint-François", "zone": "Abords de Pointe-à-Pitre", "latitude": 16.25, "longitude": -61.274167, "et": null, "date_ch": 2012, "phma": 0.86, "pmve": null, "pmme": null, "nm": 0.55, "bmve": null, "bmme": null, "pbma": 0.15, "rf": "GO-66", "organisme": "IGN", "date_rf": 1988, "rf_zh": 3.979, "rf_ref": 3.497, "zh_ref": -0.482, "zh_elli": null, "reference": "IGN88"}, "geometry": null}, {"type": "Feature", "properties": {"site": "Port-Louis", "zone": "Abords de Pointe-à-Pitre", "latitude": 16.416667, "longitude": -61.533333, "et": null, "date_ch": null, "phma": 0.55, "pmve": null, "pmme": null, "nm": 0.38, "bmve": null, "bmme": null, "pbma": 0.11, "rf": "AG-64", "organisme": "IGN", "date_rf": 1988, "rf_zh": 2.955, "rf_ref": 2.495, "zh_ref": -0.46, "zh_elli": null, "reference": "IGN88"}, "geometry": null}, {"type": "Feature", "properties": {"site": "Subercazeaux", "zone": "Abords de Pointe-à-Pitre", "latitude": 16.3, "longitude": -61.6, "et": null, "date_ch": 2008, "phma": 0.79, "pmve": null, "pmme": null, "nm": 0.47, "bmve": null, "bmme": null, "pbma": 0.05, "rf": "pas de rattachement", "organisme": null, "date_rf": null, "rf_zh": null, "rf_ref": null, "zh_ref": null, "zh_elli": null, "reference": null}, "geometry": null}, {"type": "Feature", "properties": {"site": "Îlet Kahouanne", "zone": "Abords de Pointe-à-Pitre", "latitude": 16.363333, "longitude": -61.78, "et": null, "date_ch": null, "phma": 0.61, "pmve": null, "pmme": null, "nm": 0.44, "bmve": null, "bmme": null, "pbma": 0.16, "rf": "AB - 38", "organisme": "IGN", "date_rf": 1988, "rf_zh": 9.757, "rf_ref": 9.297, "zh_ref": -0.46, "zh_elli": null, "reference": "IGN88"}, "geometry": null}, {"type": "Feature", "properties": {"site": "Deshaies", "zone": "Abords de Pointe-à-Pitre", "latitude": 16.305, "longitude": -61.8, "et": null, "date_ch": 2008, "phma": 0.59, "pmve": null, "pmme": null, "nm": 0.42, "bmve": null, "bmme": null, "pbma": 0.08, "rf": "AB-64", "organisme": "IGN", "date_rf": 1988, "rf_zh": 3.184, "rf_ref": 2.657, "zh_ref": -0.527, "zh_elli": -40.26, "reference": "IGN88"}, "geometry": null}, {"type": "Feature", "properties": {"site": "Basse-Terre", "zone": "Abords de Pointe-à-Pitre", "latitude": 15.9955, "longitude": -61.733, "et": null, "date_ch": null, "phma": 0.69, "pmve": null, "pmme": null, "nm": 0.45, "bmve": null, "bmme": null, "pbma": 0.13, "rf": "AB-168", "organisme": "IGN", "date_rf": 1988, "rf_zh": 4.973, "rf_ref": 4.481, "zh_ref": -0.492, "zh_elli": -39.888, "reference": "IGN88"}, "geometry": null}, {"type": "Feature", "properties": {"site": "Rivière-Sens", "zone": "Abords de Pointe-à-Pitre", "latitude": 15.983333, "longitude": -61.716667, "et": null, "date_ch": 2008, "phma": 0.76, "pmve": null, "pmme": null, "nm": 0.51, "bmve": null, "bmme": null, "pbma": 0.18, "rf": "BO - 13", "organisme": "IGN", "date_rf": 1988, "rf_zh": 5.114, "rf_ref": 4.63, "zh_ref": -0.484, "zh_elli": null, "reference": "IGN88"}, "geometry": null}, {"type": "Feature", "properties": {"site": "Les Saintes", "zone": "Abords de Pointe-à-Pitre", "latitude": 15.8705, "longitude": -61.582667, "et": null, "date_ch": 2012, "phma": 0.83, "pmve": null, "pmme": null, "nm": 0.57, "bmve": null, "bmme": null, "pbma": 0.22, "rf": "O.DE-5", "organisme": "IGN", "date_rf": 2008, "rf_zh": 1.901, "rf_ref": 1.444, "zh_ref": -0.457, "zh_elli": -40.036, "reference": "IGN88"}, "geometry": null}, {"type": "Feature", "properties": {"site": "Marie-Galante", "zone": "Abords de Pointe-à-Pitre", "latitude": 15.880167, "longitude": -61.317, "et": null, "date_ch": 2015, "phma": 0.82, "pmve": 0.7, "pmme": null, "nm": 0.54, "bmve": 0.45, "bmme": null, "pbma": 0.15, "rf": "MO-2", "organisme": "IGN", "date_rf": 2008, "rf_zh": 2.651, "rf_ref": 2.192, "zh_ref": -0.459, "zh_elli": null, "reference": "IGN88"}, "geometry": null}, {"type": "Feature", "properties": {"site": "La Désirade", "zone": "Abords de Pointe-à-Pitre", "latitude": 16.302667, "longitude": -61.072667, "et": null, "date_ch": 2009, "phma": 0.83, "pmve": 0.65, "pmme": null, "nm": 0.55, "bmve": 0.35, "bmme": null, "pbma": 0.17, "rf": "O.AB - 20", "organisme": "IGN", "date_rf": 2008, "rf_zh": 2.267, "rf_ref": 1.717, "zh_ref": -0.55, "zh_elli": -44.156, "reference": "IGN92"}, "geometry": null}, {"type": "Feature", "properties": {"site": "Le Robert", "zone": "Abords du Robert", "latitude": 14.678, "longitude": -60.940833, "et": null, "date_ch": null, "phma": 0.97, "pmve": 0.75, "pmme": null, "nm": 0.54, "bmve": 0.3, "bmme": null, "pbma": 0.04, "rf": "NO - 53", "organisme": "IGN", "date_rf": 2014, "rf_zh": 16.816, "rf_ref": 16.352, "zh_ref": -0.464, "zh_elli": -38.685, "reference": "IGN87"}, "geometry": null}, {"type": "Feature", "properties": {"site": "La Trinité", "zone": "Abords du Robert", "latitude": 14.741167, "longitude": -60.9565, "et": null, "date_ch": null, "phma": 0.77, "pmve": 0.75, "pmme": null, "nm": 0.5, "bmve": 0.3, "bmme": null, "pbma": 0.12, "rf": "pas de rattachement", "organisme": null, "date_rf": null, "rf_zh": null, "rf_ref": null, "zh_ref": null, "zh_elli": null, "reference": null}, "geometry": null}, {"type": "Feature", "properties": {"site": "Le François", "zone": "Abords du Robert", "latitude": 14.622333, "longitude": -60.888667, "et": null, "date_ch": null, "phma": 0.94, "pmve": 0.75, "pmme": null, "nm": 0.55, "bmve": 0.3, "bmme": null, "pbma": 0.08, "rf": "Repère SHOM scellé horizontalement dans le mur à l'entrée de l'auberge du club nautique.", "organisme": "Shom", "date_rf": 1983, "rf_zh": 4.711, "rf_ref": 4.304, "zh_ref": -0.407, "zh_elli": null, "reference": "NGM"}, "geometry": null}, {"type": "Feature", "properties": {"site": "Le Vauclin", "zone": "Abords du Robert", "latitude": 14.546, "longitude": -60.833667, "et": null, "date_ch": null, "phma": 0.91, "pmve": 0.75, "pmme": null, "nm": 0.54, "bmve": 0.3, "bmme": null, "pbma": 0.1, "rf": "Repère SH scellé horizontalement dans la façade du dancing de l'auberge de l'Atlantique.", "organisme": "Shom", "date_rf": null, "rf_zh": 8.81, "rf_ref": 8.465, "zh_ref": -0.345, "zh_elli": null, "reference": "NGM"}, "geometry": null}, {"type": "Feature", "properties": {"site": "Cap Chevalier", "zone": "Abords du Robert", "latitude": 14.433333, "longitude": -60.833333, "et": null, "date_ch": 2011, "phma": 0.79, "pmve": 0.6, "pmme": null, "nm": 0.43, "bmve": 0.2, "bmme": null, "pbma": -0.01, "rf": "Repère SH scellé horizontalement dans la dalle en béton du BAR.", "organisme": "Shom", "date_rf": null, "rf_zh": 1.671, "rf_ref": 1.271, "zh_ref": -0.4, "zh_elli": null, "reference": "NGM"}, "geometry": null}, {"type": "Feature", "properties": {"site": "Le Marin", "zone": "Abords du Robert", "latitude": 14.466667, "longitude": -60.866667, "et": null, "date_ch": null, "phma": 0.65, "pmve": 0.5, "pmme": null, "nm": 0.37, "bmve": 0.2, "bmme": null, "pbma": -0.01, "rf": "AOS", "organisme": "IGN", "date_rf": 1987, "rf_zh": 14.583, "rf_ref": 14.229, "zh_ref": -0.354, "zh_elli": null, "reference": "IGN87"}, "geometry": null}, {"type": "Feature", "properties": {"site": "Fort-de-France", "zone": "Abords de Fort-de-France", "latitude": 14.601439, "longitude": -61.063294, "et": null, "date_ch": 2011, "phma": 0.98, "pmve": 0.8, "pmme": null, "nm": 0.7, "bmve": 0.55, "bmme": null, "pbma": 0.36, "rf": "AN-13", "organisme": "IGN", "date_rf": 2014, "rf_zh": 1.475, "rf_ref": 0.944, "zh_ref": -0.531, "zh_elli": -38.766, "reference": "IGN87"}, "geometry": null}, {"type": "Feature", "properties": {"site": "Le Prêcheur", "zone": "Abords de Fort-de-France", "latitude": 14.807583, "longitude": -61.226556, "et": null, "date_ch": 2011, "phma": 1.11, "pmve": null, "pmme": null, "nm": 0.78, "bmve": null, "bmme": null, "pbma": 0.35, "rf": "A.AB - 42", "organisme": "IGN", "date_rf": 2014, "rf_zh": 5.103, "rf_ref": 4.541, "zh_ref": -0.562, "zh_elli": -39.617, "reference": "IGN87"}, "geometry": null}, {"type": "Feature", "properties": {"site": "Saint-Pierre", "zone": "Abords de Fort-de-France", "latitude": 14.739667, "longitude": -61.180333, "et": null, "date_ch": null, "phma": 0.75, "pmve": 0.6, "pmme": null, "nm": 0.45, "bmve": 0.3, "bmme": null, "pbma": 0.11, "rf": "pas de rattachement", "organisme": null, "date_rf": null, "rf_zh": null, "rf_ref": null, "zh_ref": null, "zh_elli": null, "reference": null}, "geometry": null}, {"type": "Feature", "properties": {"site": "Sainte-Luce", "zone": "Abords de Fort-de-France", "latitude": 14.466667, "longitude": -60.916667, "et": null, "date_ch": null, "phma": 0.68, "pmve": null, "pmme": null, "nm": 0.38, "bmve": null, "bmme": null, "pbma": -0.01, "rf": "AS - 44", "organisme": "IGN", "date_rf": 1987, "rf_zh": 1.993, "rf_ref": 1.619, "zh_ref": -0.374, "zh_elli": null, "reference": "IGN87"}, "geometry": null}, {"type": "Feature", "properties": {"site": "Îles du Salut", "zone": "Abords des Îles du Salut", "latitude": 5.2855, "longitude": -52.587333, "et": null, "date_ch": 2013, "phma": 3.72, "pmve": 3.3, "pmme": 2.7, "nm": 2.14, "bmve": 1.05, "bmme": 1.55, "pbma": 0.6, "rf": "Repère de nivellement SHOM scellé horizontalement dans le soubassement d'une construction en ruine.Repère situé dans l'Anse Legoff.", "organisme": "Shom", "date_rf": 2013, "rf_zh": 6.884, "rf_ref": 5.024, "zh_ref": -1.86, "zh_elli": -36.286, "reference": "NGG77"}, "geometry": null}, {"type": "Feature", "properties": {"site": "Pointe Française (Pointe des Hattes)", "zone": "Abords des Îles du Salut", "latitude": 5.744967, "longitude": -53.9533, "et": null, "date_ch": null, "phma": 4.23, "pmve": 3.9, "pmme": 3.2, "nm": 2.6, "bmve": 1.3, "bmme": 1.9, "pbma": 0.92, "rf": "9730601A", "organisme": "IGN", "date_rf": 1977, "rf_zh": 6.172, "rf_ref": 3.79, "zh_ref": -2.382, "zh_elli": -34.562, "reference": "NGG77"}, "geometry": null}, {"type": "Feature", "properties": {"site": "Saint-Laurent du Maroni", "zone": "Abords des Îles du Salut", "latitude": 5.5, "longitude": -54.033333, "et": null, "date_ch": null, "phma": 2.7, "pmve": 2.5, "pmme": 1.95, "nm": 1.51, "bmve": 0.55, "bmme": 1, "pbma": null, "rf": "M'M\" - 1", "organisme": "IGN", "date_rf": 2015, "rf_zh": 5.468, "rf_ref": 4.414, "zh_ref": -1.054, "zh_elli": -33.909, "reference": "NGG77"}, "geometry": null}, {"type": "Feature", "properties": {"site": "Îlot Brigandin", "zone": "Abords des Îles du Salut", "latitude": 5.431667, "longitude": -52.993333, "et": null, "date_ch": null, "phma": null, "pmve": 2.5, "pmme": 1.9, "nm": 1.4, "bmve": 0.6, "bmme": 0.75, "pbma": null, "rf": "pas de rattachement", "organisme": null, "date_rf": null, "rf_zh": null, "rf_ref": null, "zh_ref": null, "zh_elli": null, "reference": null}, "geometry": null}, {"type": "Feature", "properties": {"site": "Kourou", "zone": "Abords des Îles du Salut", "latitude": 5.156667, "longitude": -52.626383, "et": null, "date_ch": null, "phma": 3.59, "pmve": 3.2, "pmme": 2.6, "nm": 2, "bmve": 0.85, "bmme": 1.4, "pbma": 0.48, "rf": "MM' - 0 -I", "organisme": "IGN", "date_rf": 2015, "rf_zh": 7.688, "rf_ref": 5.802, "zh_ref": -1.886, "zh_elli": -36.53, "reference": "NGG77"}, "geometry": null}, {"type": "Feature", "properties": {"site": "Le Larivot", "zone": "Abords des Îles du Salut", "latitude": 4.905333, "longitude": -52.362667, "et": null, "date_ch": null, "phma": 3.71, "pmve": 3.4, "pmme": 2.75, "nm": 2.14, "bmve": 0.9, "bmme": 1.5, "pbma": 0.62, "rf": "BM-31-I", "organisme": "IGN", "date_rf": 2002, "rf_zh": 5.697, "rf_ref": 3.53, "zh_ref": -2.167, "zh_elli": -36.727, "reference": "NGG77"}, "geometry": null}, {"type": "Feature", "properties": {"site": "Îlet la Mère", "zone": "Abords des Îles du Salut", "latitude": 4.892667, "longitude": -52.19, "et": null, "date_ch": 2013, "phma": 3.89, "pmve": 3.4, "pmme": 2.8, "nm": 2.24, "bmve": 1.15, "bmme": 1.6, "pbma": 0.68, "rf": "Repère de nivellement de type SHOM scellé horizontalement dans le rocher à six mètres au sud-est du marégraphe.", "organisme": "Shom", "date_rf": null, "rf_zh": 5.447, "rf_ref": null, "zh_ref": null, "zh_elli": -36.227, "reference": null}, "geometry": null}, {"type": "Feature", "properties": {"site": "Dégrad des Cannes", "zone": "Abords des Îles du Salut", "latitude": 4.854, "longitude": -52.2805, "et": null, "date_ch": 2013, "phma": 3.74, "pmve": 3.45, "pmme": 2.85, "nm": 2.1, "bmve": 1.1, "bmme": 1.5, "pbma": 0.52, "rf": "D.EG-1", "organisme": "IGN", "date_rf": 2015, "rf_zh": 5.407, "rf_ref": 3.529, "zh_ref": -1.878, "zh_elli": -36.188, "reference": "NGG77"}, "geometry": null}, {"type": "Feature", "properties": {"site": "Montagne d'Argent", "zone": "Abords des Îles du Salut", "latitude": 4.383333, "longitude": -51.683333, "et": null, "date_ch": null, "phma": 3.57, "pmve": 3.15, "pmme": 2.4, "nm": 1.7, "bmve": 0.4, "bmme": 1.05, "pbma": 0.19, "rf": "pas de rattachement", "organisme": null, "date_rf": null, "rf_zh": null, "rf_ref": null, "zh_ref": null, "zh_elli": null, "reference": null}, "geometry": null}, {"type": "Feature", "properties": {"site": "Dzaoudzi", "zone": "Abords de Dzaoudzi", "latitude": -12.781981, "longitude": 45.25815, "et": null, "date_ch": 2015, "phma": 4.3, "pmve": 3.7, "pmme": 2.8, "nm": 2.13, "bmve": 0.5, "bmme": 1.45, "pbma": 0.08, "rf": "N-402-BIS", "organisme": "IGN", "date_rf": 2016, "rf_zh": 7.332, "rf_ref": 5.553, "zh_ref": -1.779, "zh_elli": -21.739, "reference": "Shom53"}, "geometry": null}, {"type": "Feature", "properties": {"site": "Longoni", "zone": "Abords de Dzaoudzi", "latitude": -12.724167, "longitude": 45.161667, "et": null, "date_ch": 2015, "phma": 4.31, "pmve": 3.7, "pmme": 2.8, "nm": 2.13, "bmve": 0.5, "bmme": 1.45, "pbma": 0.08, "rf": "Repère de nivellement SHOM scellé horizontalement au niveau du soubassement du pignon droit à l'entrée de la caserne des pompiers du port de Longoni.", "organisme": "Shom", "date_rf": 2006, "rf_zh": 6.473, "rf_ref": 4.737, "zh_ref": -1.736, "zh_elli": -21.296, "reference": "Shom53"}, "geometry": null}, {"type": "Feature", "properties": {"site": "Mtiti", "zone": "Abords de Dzaoudzi", "latitude": -12.923611, "longitude": 45.063333, "et": null, "date_ch": 2015, "phma": 4.39, "pmve": 3.75, "pmme": 2.85, "nm": 2.17, "bmve": 0.5, "bmme": 1.45, "pbma": 0.08, "rf": "pas de rattachement", "organisme": null, "date_rf": null, "rf_zh": null, "rf_ref": null, "zh_ref": null, "zh_elli": null, "reference": null}, "geometry": null}, {"type": "Feature", "properties": {"site": "Sada - Baie de Chiconi", "zone": "Abords de Dzaoudzi", "latitude": -12.84, "longitude": 45.1, "et": null, "date_ch": 2018, "phma": 4.51, "pmve": 3.85, "pmme": 2.9, "nm": 2.2, "bmve": 0.5, "bmme": 1.5, "pbma": 0.07, "rf": "N-239-BIS", "organisme": "IGN", "date_rf": 2006, "rf_zh": 32.552, "rf_ref": 30.75, "zh_ref": -1.802, "zh_elli": -20.616, "reference": "Shom53"}, "geometry": null}, {"type": "Feature", "properties": {"site": "Pointe des Galets", "zone": "Abords de la Pointe des Galets", "latitude": -20.935611, "longitude": 55.286972, "et": null, "date_ch": 2010, "phma": 1.02, "pmve": 0.8, "pmme": null, "nm": 0.6, "bmve": 0.35, "bmme": null, "pbma": 0.08, "rf": "AMO", "organisme": "IGN", "date_rf": 2016, "rf_zh": 2.809, "rf_ref": 2.257, "zh_ref": -0.552, "zh_elli": 2.565, "reference": "IGN89"}, "geometry": null}, {"type": "Feature", "properties": {"site": "Saint-Leu", "zone": "Abords de la Pointe des Galets", "latitude": -21.167667, "longitude": 55.285333, "et": null, "date_ch": null, "phma": 0.85, "pmve": 0.65, "pmme": null, "nm": 0.51, "bmve": 0.35, "bmme": null, "pbma": 0.17, "rf": "Repère de nivellement SHOM scellé à l'intérieur du parapet de la digue Sud du port de pêche.", "organisme": "Shom", "date_rf": null, "rf_zh": 2.124, "rf_ref": 1.594, "zh_ref": -0.53, "zh_elli": null, "reference": "IGN89"}, "geometry": null}, {"type": "Feature", "properties": {"site": "Saint-Pierre", "zone": "Abords de la Pointe des Galets", "latitude": -21.345167, "longitude": 55.477667, "et": null, "date_ch": null, "phma": 0.93, "pmve": 0.7, "pmme": null, "nm": 0.51, "bmve": 0.25, "bmme": null, "pbma": 0.03, "rf": "AM 127", "organisme": "IGN", "date_rf": 1989, "rf_zh": 5.254, "rf_ref": 4.7, "zh_ref": -0.554, "zh_elli": null, "reference": "IGN89"}, "geometry": null}, {"type": "Feature", "properties": {"site": "Sainte-Marie", "zone": "Abords de la Pointe des Galets", "latitude": -20.892167, "longitude": 55.537, "et": null, "date_ch": 2017, "phma": 1.06, "pmve": 0.75, "pmme": null, "nm": 0.57, "bmve": 0.35, "bmme": null, "pbma": 0.04, "rf": "AO - 55", "organisme": "IGN", "date_rf": 2016, "rf_zh": 13.852, "rf_ref": 13.299, "zh_ref": -0.553, "zh_elli": 2.818, "reference": "IGN89"}, "geometry": null}, {"type": "Feature", "properties": {"site": "Île Juan de Nova", "zone": "Îles Éparses", "latitude": -17.0375, "longitude": 42.736833, "et": null, "date_ch": 2021, "phma": 4.91, "pmve": 4.4, "pmme": 3.3, "nm": 2.61, "bmve": 0.8, "bmme": 1.9, "pbma": 0.34, "rf": "Repère correspondant au sommet du cabestan situé au niveau de l'ancien débarcadère en ruine. Cabestan situé sur un socle en béton. Repère durable.", "organisme": "Shom", "date_rf": null, "rf_zh": 7.73, "rf_ref": null, "zh_ref": null, "zh_elli": -16.871, "reference": null}, "geometry": null}, {"type": "Feature", "properties": {"site": "Bassas da India", "zone": "Îles Éparses", "latitude": -21.47175, "longitude": 39.746033, "et": null, "date_ch": 2015, "phma": 4.04, "pmve": 3.6, "pmme": 2.65, "nm": 2.07, "bmve": 0.55, "bmme": 1.5, "pbma": 0.16, "rf": "Plaque de métal  scellée sur le corail.", "organisme": "Shom", "date_rf": null, "rf_zh": 3.3, "rf_ref": null, "zh_ref": null, "zh_elli": -4.37, "reference": null}, "geometry": null}, {"type": "Feature", "properties": {"site": "Île Europa", "zone": "Îles Éparses", "latitude": -22.316833, "longitude": 40.333333, "et": null, "date_ch": 2014, "phma": 3.64, "pmve": 3.2, "pmme": 2.3, "nm": 1.75, "bmve": 0.3, "bmme": 1.2, "pbma": -0.07, "rf": "98404 E1", "organisme": "IGN", "date_rf": null, "rf_zh": 6.391, "rf_ref": null, "zh_ref": null, "zh_elli": -1.041, "reference": null}, "geometry": null}, {"type": "Feature", "properties": {"site": "Port-aux-Français", "zone": "Terres Australes", "latitude": -49.35, "longitude": 70.216667, "et": null, "date_ch": null, "phma": 2.26, "pmve": 1.95, "pmme": 1.55, "nm": 1.22, "bmve": 0.5, "bmme": 0.9, "pbma": 0.22, "rf": "Penny cimenté horizontalement dans le rocher à 10 m au Sud Est de l'ancien marégraphe.", "organisme": "Shom", "date_rf": 1963, "rf_zh": 3.07, "rf_ref": 1.868, "zh_ref": -1.202, "zh_elli": 38.061, "reference": "IGN66"}, "geometry": null}, {"type": "Feature", "properties": {"site": "Baie Greenland", "zone": "Terres Australes", "latitude": -49.6245, "longitude": 70.1955, "et": null, "date_ch": null, "phma": 1.99, "pmve": 1.75, "pmme": 1.4, "nm": 1.09, "bmve": 0.4, "bmme": 0.8, "pbma": 0.2, "rf": "pas de rattachement", "organisme": null, "date_rf": null, "rf_zh": null, "rf_ref": null, "zh_ref": null, "zh_elli": null, "reference": null}, "geometry": null}, {"type": "Feature", "properties": {"site": "Port Jeanne d'Arc", "zone": "Terres Australes", "latitude": -49.551, "longitude": 69.821833, "et": null, "date_ch": null, "phma": null, "pmve": null, "pmme": null, "nm": null, "bmve": null, "bmme": null, "pbma": null, "rf": "Repère de nivellement SHOM scellé dans une anfractuosité de rocher et portant l'inscription \"R1 1993\".", "organisme": "Shom", "date_rf": null, "rf_zh": 1.87, "rf_ref": null, "zh_ref": null, "zh_elli": null, "reference": null}, "geometry": null}, {"type": "Feature", "properties": {"site": "Baie Larose", "zone": "Terres Australes", "latitude": -49.585833, "longitude": 69.296833, "et": null, "date_ch": null, "phma": 1.62, "pmve": 1.4, "pmme": 1.1, "nm": 0.89, "bmve": 0.35, "bmme": 0.65, "pbma": 0.21, "rf": "pas de rattachement", "organisme": null, "date_rf": null, "rf_zh": null, "rf_ref": null, "zh_ref": null, "zh_elli": null, "reference": null}, "geometry": null}, {"type": "Feature", "properties": {"site": "Baie Oiseau", "zone": "Terres Australes", "latitude": -48.678333, "longitude": 69.027333, "et": null, "date_ch": null, "phma": 1.27, "pmve": 1.25, "pmme": 1, "nm": 0.86, "bmve": 0.45, "bmme": 0.7, "pbma": 0.17, "rf": "pas de rattachement", "organisme": null, "date_rf": null, "rf_zh": null, "rf_ref": null, "zh_ref": null, "zh_elli": null, "reference": null}, "geometry": null}, {"type": "Feature", "properties": {"site": "Port Mary", "zone": "Terres Australes", "latitude": -48.990667, "longitude": 69.3625, "et": null, "date_ch": null, "phma": 1.82, "pmve": 1.55, "pmme": 1.25, "nm": 1.01, "bmve": 0.45, "bmme": 0.75, "pbma": 0.22, "rf": "pas de rattachement", "organisme": null, "date_rf": null, "rf_zh": null, "rf_ref": null, "zh_ref": null, "zh_elli": null, "reference": null}, "geometry": null}, {"type": "Feature", "properties": {"site": "Baie Hopeful", "zone": "Terres Australes", "latitude": -49.08, "longitude": 69.61, "et": null, "date_ch": null, "phma": 2.05, "pmve": 1.75, "pmme": 1.4, "nm": 1.12, "bmve": 0.45, "bmme": 0.8, "pbma": 0.17, "rf": "Sommet de la pyramide en béton, peinte en blanc, portant une plaque en bronze avec l'inscription \"BOUGAINVILLE 1939\".", "organisme": "Shom", "date_rf": null, "rf_zh": 6.956, "rf_ref": null, "zh_ref": null, "zh_elli": null, "reference": null}, "geometry": null}, {"type": "Feature", "properties": {"site": "Betsy Cove", "zone": "Terres Australes", "latitude": -49.15, "longitude": 70.2, "et": null, "date_ch": null, "phma": 1.94, "pmve": 1.75, "pmme": 1.4, "nm": 1.1, "bmve": 0.45, "bmme": 0.8, "pbma": 0.24, "rf": "pas de rattachement", "organisme": null, "date_rf": null, "rf_zh": null, "rf_ref": null, "zh_ref": null, "zh_elli": null, "reference": null}, "geometry": null}, {"type": "Feature", "properties": {"site": "Baie Norvégienne", "zone": "Terres Australes", "latitude": -49.361667, "longitude": 70.351667, "et": null, "date_ch": null, "phma": 2.18, "pmve": 1.95, "pmme": 1.55, "nm": 1.22, "bmve": 0.45, "bmme": 0.9, "pbma": 0.18, "rf": "Tige en aluminium scellée horizontalement dans une borne en ciment marquée \"C\".", "organisme": "Shom", "date_rf": null, "rf_zh": 7.912, "rf_ref": null, "zh_ref": null, "zh_elli": null, "reference": null}, "geometry": null}, {"type": "Feature", "properties": {"site": "Saint-Paul", "zone": "Terres Australes", "latitude": -38.716667, "longitude": 77.533333, "et": null, "date_ch": null, "phma": 1.92, "pmve": 1.75, "pmme": 1.35, "nm": 1.09, "bmve": 0.5, "bmme": 0.85, "pbma": 0.26, "rf": "pas de rattachement", "organisme": null, "date_rf": null, "rf_zh": null, "rf_ref": null, "zh_ref": null, "zh_elli": null, "reference": null}, "geometry": null}, {"type": "Feature", "properties": {"site": "Amsterdam", "zone": "Terres Australes", "latitude": -37.866667, "longitude": 77.533333, "et": null, "date_ch": null, "phma": 1.81, "pmve": 1.6, "pmme": 1.25, "nm": 1.03, "bmve": 0.45, "bmme": 0.8, "pbma": 0.29, "rf": "pas de rattachement", "organisme": null, "date_rf": null, "rf_zh": null, "rf_ref": null, "zh_ref": null, "zh_elli": null, "reference": null}, "geometry": null}, {"type": "Feature", "properties": {"site": "Base Dumont d'Urville", "zone": "Antarctique", "latitude": -66.666667, "longitude": 140, "et": null, "date_ch": null, "phma": 2.54, "pmve": 1.7, "pmme": null, "nm": 1.11, "bmve": 0.5, "bmme": null, "pbma": 0.28, "rf": "AB - 1", "organisme": "IGN", "date_rf": null, "rf_zh": 6.76, "rf_ref": 5.58, "zh_ref": -1.18, "zh_elli": -44.794, "reference": "EPF52"}, "geometry": null}, {"type": "Feature", "properties": {"site": "Port-Martin", "zone": "Antarctique", "latitude": -66.833333, "longitude": 141.416667, "et": null, "date_ch": null, "phma": 2.3, "pmve": 1.6, "pmme": null, "nm": 0.94, "bmve": 0.3, "bmme": null, "pbma": 0.25, "rf": "Sommet du piton le plus petit du support de l'ancien marégraphe permanent.", "organisme": "Shom", "date_rf": 1950, "rf_zh": 3.64, "rf_ref": 2.47, "zh_ref": -1.17, "zh_elli": null, "reference": "EPF52"}, "geometry": null}, {"type": "Feature", "properties": {"site": "Nouméa - Numbo", "zone": "Abords de Nouméa - Numbo", "latitude": -22.242006, "longitude": 166.416108, "et": null, "date_ch": 2010, "phma": 1.89, "pmve": 1.5, "pmme": null, "nm": 1.02, "bmve": 0.5, "bmme": null, "pbma": 0.13, "rf": "S1-002 (ex Bam3n3-016)", "organisme": "DITTT", "date_rf": 2014, "rf_zh": 4.377, "rf_ref": 3.539, "zh_ref": -0.838, "zh_elli": 59.676, "reference": "NGNC"}, "geometry": null}, {"type": "Feature", "properties": {"site": "Récif Bellona", "zone": "Abords de Nouméa - Numbo", "latitude": -21.415, "longitude": 158.855, "et": null, "date_ch": 2020, "phma": 1.94, "pmve": 1.45, "pmme": null, "nm": 0.98, "bmve": 0.45, "bmme": null, "pbma": 0.03, "rf": "Douille de nivellement SHOM scellée horizontalement dans la stèle TRANSIT.", "organisme": "Shom", "date_rf": null, "rf_zh": 3.77, "rf_ref": null, "zh_ref": null, "zh_elli": 55.24, "reference": null}, "geometry": null}, {"type": "Feature", "properties": {"site": "Île Longue", "zone": "Abords de Nouméa - Numbo", "latitude": -19.868333, "longitude": 158.311667, "et": null, "date_ch": 2020, "phma": 2.19, "pmve": 1.7, "pmme": null, "nm": 1.22, "bmve": 0.7, "bmme": null, "pbma": 0.27, "rf": "Repère SH scellé dans la stèle MOP 80 Transit.", "organisme": "Shom", "date_rf": null, "rf_zh": 6.7, "rf_ref": null, "zh_ref": null, "zh_elli": 57.893, "reference": null}, "geometry": null}, {"type": "Feature", "properties": {"site": "Îlot Bampton", "zone": "Abords de Nouméa - Numbo", "latitude": -19.121667, "longitude": 158.601667, "et": null, "date_ch": null, "phma": null, "pmve": 1.2, "pmme": null, "nm": 0.8, "bmve": 0.3, "bmme": null, "pbma": null, "rf": "Repère SH scellé dans la stèle MOP 80 TRANSIT.", "organisme": "Shom", "date_rf": null, "rf_zh": 5.11, "rf_ref": null, "zh_ref": null, "zh_elli": 59.843, "reference": null}, "geometry": null}, {"type": "Feature", "properties": {"site": "Baie de Banaré (Poum)", "zone": "Abords de Nouméa - Numbo", "latitude": -20.226756, "longitude": 164.035272, "et": null, "date_ch": 2014, "phma": 1.82, "pmve": 1.5, "pmme": null, "nm": 1.07, "bmve": 0.55, "bmme": null, "pbma": 0.19, "rf": "N1-703", "organisme": "DITTT", "date_rf": 2012, "rf_zh": 14.395, "rf_ref": 13.574, "zh_ref": -0.821, "zh_elli": 60.3, "reference": "NGNC"}, "geometry": null}, {"type": "Feature", "properties": {"site": "Paagoumène", "zone": "Abords de Nouméa - Numbo", "latitude": -20.483611, "longitude": 164.175336, "et": null, "date_ch": 2010, "phma": 1.96, "pmve": 1.6, "pmme": null, "nm": 1.13, "bmve": 0.55, "bmme": null, "pbma": 0.13, "rf": "Douille SHOM scellée horizontalement près de la pointe sud-ouest de la dalle béton supportant les containers fixés à 300 m du wharf.", "organisme": "Shom", "date_rf": 2005, "rf_zh": 4.943, "rf_ref": 4.1, "zh_ref": -0.843, "zh_elli": 59.976, "reference": "NGNC"}, "geometry": null}, {"type": "Feature", "properties": {"site": "Koumac", "zone": "Abords de Nouméa - Numbo", "latitude": -20.574333, "longitude": 164.275333, "et": null, "date_ch": null, "phma": 1.74, "pmve": 1.4, "pmme": null, "nm": 0.96, "bmve": 0.45, "bmme": null, "pbma": 0.03, "rf": "AB-334", "organisme": "DITTT", "date_rf": 2005, "rf_zh": 9.507, "rf_ref": 8.608, "zh_ref": -0.899, "zh_elli": null, "reference": "NGNC"}, "geometry": null}, {"type": "Feature", "properties": {"site": "Pointe de Pandop", "zone": "Abords de Nouméa - Numbo", "latitude": -20.5805, "longitude": 164.2735, "et": null, "date_ch": 2019, "phma": 1.86, "pmve": 1.55, "pmme": null, "nm": 1.06, "bmve": 0.55, "bmme": null, "pbma": 0.16, "rf": "Bf-007I", "organisme": "DITTT", "date_rf": 2010, "rf_zh": 3.212, "rf_ref": 2.319, "zh_ref": -0.893, "zh_elli": 59.956, "reference": "NGNC"}, "geometry": null}, {"type": "Feature", "properties": {"site": "Baie de Gomen", "zone": "Abords de Nouméa - Numbo", "latitude": -20.756667, "longitude": 164.401667, "et": null, "date_ch": 2010, "phma": 1.9, "pmve": 1.5, "pmme": null, "nm": 0.99, "bmve": 0.5, "bmme": null, "pbma": 0.11, "rf": "Repère de nivellement (douille SHOM) - MOP80 - scellé dans la terrasse de béton supportant un petit pylône derrière le laboratoire de la SMSP.", "organisme": "Shom", "date_rf": 1998, "rf_zh": 7.286, "rf_ref": 6.479, "zh_ref": -0.807, "zh_elli": 59.814, "reference": "NGNC"}, "geometry": null}, {"type": "Feature", "properties": {"site": "Baie Chasseloup", "zone": "Abords de Nouméa - Numbo", "latitude": -20.966333, "longitude": 164.66, "et": null, "date_ch": 2011, "phma": 1.87, "pmve": 1.4, "pmme": null, "nm": 1, "bmve": 0.45, "bmme": null, "pbma": 0.11, "rf": "4810-25e GATOPE", "organisme": "DITTT", "date_rf": 2004, "rf_zh": 7.854, "rf_ref": 7.194, "zh_ref": -0.66, "zh_elli": 60.029, "reference": "NGNC"}, "geometry": null}, {"type": "Feature", "properties": {"site": "Vavouto", "zone": "Abords de Nouméa - Numbo", "latitude": -21.002833, "longitude": 164.6715, "et": null, "date_ch": 2009, "phma": 1.82, "pmve": 1.4, "pmme": null, "nm": 0.98, "bmve": 0.45, "bmme": null, "pbma": 0.11, "rf": "4814-01", "organisme": "DITTT", "date_rf": 2006, "rf_zh": 91.91, "rf_ref": 91.227, "zh_ref": -0.683, "zh_elli": null, "reference": "NGNC"}, "geometry": null}, {"type": "Feature", "properties": {"site": "Foué", "zone": "Abords de Nouméa - Numbo", "latitude": -21.092833, "longitude": 164.801, "et": null, "date_ch": null, "phma": 1.91, "pmve": 1.55, "pmme": null, "nm": 1.03, "bmve": 0.55, "bmme": null, "pbma": 0.11, "rf": "Repère SHOM scellé horizontalement à l'extrémité Ouest du wharf de FOUE.", "organisme": "Shom", "date_rf": null, "rf_zh": 2.21, "rf_ref": null, "zh_ref": null, "zh_elli": null, "reference": null}, "geometry": null}, {"type": "Feature", "properties": {"site": "Pouembout", "zone": "Abords de Nouméa - Numbo", "latitude": -21.116667, "longitude": 164.833333, "et": null, "date_ch": 2012, "phma": 1.87, "pmve": 1.5, "pmme": null, "nm": 1.02, "bmve": 0.5, "bmme": null, "pbma": 0.12, "rf": "Douille de nivellement SHOM scellée verticalement dans une plaque de ciment sur le bord droit de la piste en arrivant au wharf détruit.", "organisme": "Shom", "date_rf": 2000, "rf_zh": 4.597, "rf_ref": 3.724, "zh_ref": -0.873, "zh_elli": 59.96, "reference": "NGNC"}, "geometry": null}, {"type": "Feature", "properties": {"site": "Mueo (Nepoui)", "zone": "Abords de Nouméa - Numbo", "latitude": -21.3355, "longitude": 164.987, "et": null, "date_ch": 2010, "phma": 1.8, "pmve": 1.4, "pmme": null, "nm": 0.92, "bmve": 0.4, "bmme": null, "pbma": 0.04, "rf": "Repère de type douille SHOM scellé horizontalement dans le support en béton de l’avaloir des eaux pluviales situé près de l’entrée du nouveau quai de Nepoui.", "organisme": "Shom", "date_rf": 2009, "rf_zh": 4.218, "rf_ref": 3.453, "zh_ref": -0.765, "zh_elli": 59.026, "reference": "NGNC"}, "geometry": null}, {"type": "Feature", "properties": {"site": "Poya", "zone": "Abords de Nouméa - Numbo", "latitude": -21.403333, "longitude": 165.11, "et": null, "date_ch": 2019, "phma": 1.97, "pmve": 1.55, "pmme": null, "nm": 1.09, "bmve": 0.55, "bmme": null, "pbma": 0.16, "rf": "4819-20(.)", "organisme": "DITTT", "date_rf": 2012, "rf_zh": 25.795, "rf_ref": 24.985, "zh_ref": -0.81, "zh_elli": 59.286, "reference": "NGNC"}, "geometry": null}, {"type": "Feature", "properties": {"site": "Cap Goulvain", "zone": "Abords de Nouméa - Numbo", "latitude": -21.514333, "longitude": 165.251, "et": null, "date_ch": null, "phma": null, "pmve": null, "pmme": null, "nm": null, "bmve": null, "bmme": null, "pbma": null, "rf": "Repère de type SHOM scellé horizontalement à l'extrémité de la pointe rocheuse du fond de la baie du Cap Goulvain (accès à cette pointe en véhicules tous terrains).", "organisme": "Shom", "date_rf": null, "rf_zh": 2.346, "rf_ref": null, "zh_ref": null, "zh_elli": null, "reference": null}, "geometry": null}, {"type": "Feature", "properties": {"site": "Bourail", "zone": "Abords de Nouméa - Numbo", "latitude": -21.623833, "longitude": 165.458667, "et": null, "date_ch": 2015, "phma": 1.67, "pmve": 1.3, "pmme": null, "nm": 0.85, "bmve": 0.35, "bmme": null, "pbma": 0.01, "rf": "Repère de nivellement scellé horizontalement dans le coin Sud d'un abri en béton placé à la bifurcation des deux chemins menant au wharf.", "organisme": "Shom", "date_rf": 2005, "rf_zh": 32.02, "rf_ref": 31.321, "zh_ref": -0.699, "zh_elli": 59.14, "reference": "NGNC"}, "geometry": null}, {"type": "Feature", "properties": {"site": "Moindou", "zone": "Abords de Nouméa - Numbo", "latitude": -21.7275, "longitude": 165.651667, "et": null, "date_ch": null, "phma": 1.71, "pmve": 1.3, "pmme": null, "nm": 0.81, "bmve": 0.3, "bmme": null, "pbma": -0.02, "rf": "Repère de type SHOM, scellé horizontalement dans la falaise rocheuse située sur la côte Est de l'île Saint-DIE, dans le Sud des trois bâtiments à environ 300 m.", "organisme": "Shom", "date_rf": null, "rf_zh": 2.9, "rf_ref": null, "zh_ref": null, "zh_elli": null, "reference": null}, "geometry": null}, {"type": "Feature", "properties": {"site": "Ouano", "zone": "Abords de Nouméa - Numbo", "latitude": -21.840833, "longitude": 165.81, "et": null, "date_ch": 2012, "phma": 1.84, "pmve": 1.45, "pmme": null, "nm": 0.97, "bmve": 0.45, "bmme": null, "pbma": 0.11, "rf": "Repère de nivellement scellé horizontalement dans le bas d’un abri cyclonique à poubelle", "organisme": "Shom", "date_rf": 2020, "rf_zh": 2.32, "rf_ref": 1.531, "zh_ref": -0.789, "zh_elli": 59.242, "reference": "NGNC"}, "geometry": null}, {"type": "Feature", "properties": {"site": "Île Puen", "zone": "Abords de Nouméa - Numbo", "latitude": -21.964167, "longitude": 165.948667, "et": null, "date_ch": null, "phma": null, "pmve": null, "pmme": null, "nm": null, "bmve": null, "bmme": null, "pbma": null, "rf": "Repère fondamental type SHOM scellé horizontalement dans une pointe de rocher à mi-distance entre le wharf et la plage.", "organisme": "Shom", "date_rf": null, "rf_zh": 2.4, "rf_ref": null, "zh_ref": null, "zh_elli": 59.403, "reference": null}, "geometry": null}, {"type": "Feature", "properties": {"site": "Tomo", "zone": "Abords de Nouméa - Numbo", "latitude": -21.959167, "longitude": 166.138333, "et": null, "date_ch": 2020, "phma": 1.98, "pmve": 1.55, "pmme": null, "nm": 1.07, "bmve": 0.5, "bmme": null, "pbma": 0.14, "rf": "Repère de nivellement SHOM scellé horizontalement dans le support en béton d’un petit pont.", "organisme": "Shom", "date_rf": 2012, "rf_zh": 2.217, "rf_ref": 1.353, "zh_ref": -0.864, "zh_elli": 60.284, "reference": "NGNC"}, "geometry": null}, {"type": "Feature", "properties": {"site": "Baie Saint-Vincent (Wharf de N'Dui)", "zone": "Abords de Nouméa - Numbo", "latitude": -22.019167, "longitude": 166.146667, "et": null, "date_ch": null, "phma": null, "pmve": null, "pmme": null, "nm": null, "bmve": null, "bmme": null, "pbma": null, "rf": "Croix gravée dans le sol de la baraque (dalle en ciment) marquée \"M.H.N.C 1963\".", "organisme": "Shom", "date_rf": null, "rf_zh": 3.23, "rf_ref": null, "zh_ref": null, "zh_elli": null, "reference": null}, "geometry": null}, {"type": "Feature", "properties": {"site": "Anse Longue Namaoura", "zone": "Abords de Nouméa - Numbo", "latitude": -22.14, "longitude": 166.218333, "et": null, "date_ch": 2012, "phma": 1.87, "pmve": 1.5, "pmme": null, "nm": 1.01, "bmve": 0.5, "bmme": null, "pbma": 0.13, "rf": "Repère de nivellement SHOM scellé horizontalement dans le mur du transformateur.", "organisme": "Shom", "date_rf": null, "rf_zh": 9.673, "rf_ref": null, "zh_ref": null, "zh_elli": 60.7, "reference": null}, "geometry": null}, {"type": "Feature", "properties": {"site": "Baie de Gadji", "zone": "Abords de Nouméa - Numbo", "latitude": -22.174119, "longitude": 166.388775, "et": null, "date_ch": 2018, "phma": 1.9, "pmve": 1.5, "pmme": null, "nm": 1.03, "bmve": 0.5, "bmme": null, "pbma": 0.13, "rf": "Repère cylindrique de nivellement SHOM de type Bourdaloue scellé horizontalement dans une roche sur le côté de la route menant à la plage de Nouré.", "organisme": "Shom", "date_rf": 2005, "rf_zh": 3.482, "rf_ref": 2.643, "zh_ref": -0.839, "zh_elli": 60.088, "reference": "NGNC"}, "geometry": null}, {"type": "Feature", "properties": {"site": "Nouméa - Chaleix", "zone": "Abords de Nouméa - Numbo", "latitude": -22.292, "longitude": 166.435, "et": null, "date_ch": null, "phma": 1.79, "pmve": 1.45, "pmme": null, "nm": 0.95, "bmve": 0.4, "bmme": null, "pbma": 0.09, "rf": "Repère en laiton scellé verticalement à l'extrémité de la jetée menant au quai des avisos.", "organisme": "Shom", "date_rf": 1999, "rf_zh": 3.632, "rf_ref": 2.797, "zh_ref": -0.835, "zh_elli": 59.486, "reference": "NGNC"}, "geometry": null}, {"type": "Feature", "properties": {"site": "Nouméa (Petite Rade)", "zone": "Abords de Nouméa - Numbo", "latitude": -22.271, "longitude": 166.436167, "et": null, "date_ch": null, "phma": null, "pmve": null, "pmme": null, "nm": null, "bmve": null, "bmme": null, "pbma": null, "rf": "BC-013", "organisme": "DITTT", "date_rf": 2005, "rf_zh": 3.321, "rf_ref": 2.486, "zh_ref": -0.835, "zh_elli": null, "reference": "NGNC"}, "geometry": null}, {"type": "Feature", "properties": {"site": "Plum", "zone": "Abords de Nouméa - Numbo", "latitude": -22.28, "longitude": 166.638056, "et": null, "date_ch": 2023, "phma": 1.84, "pmve": 1.55, "pmme": null, "nm": 1.09, "bmve": 0.6, "bmme": null, "pbma": 0.31, "rf": "S2-104", "organisme": "DITTT", "date_rf": 2005, "rf_zh": 4.277, "rf_ref": 3.49, "zh_ref": -0.787, "zh_elli": 60.262, "reference": "NGNC"}, "geometry": null}, {"type": "Feature", "properties": {"site": "Port de Boulari", "zone": "Abords de Nouméa - Numbo", "latitude": -22.233333, "longitude": 166.525, "et": null, "date_ch": 2011, "phma": 1.72, "pmve": 1.35, "pmme": null, "nm": 0.9, "bmve": 0.4, "bmme": null, "pbma": 0.1, "rf": "AC-006", "organisme": "DITTT", "date_rf": 2005, "rf_zh": 4.096, "rf_ref": 3.385, "zh_ref": -0.711, "zh_elli": 60.333, "reference": "NGNC"}, "geometry": null}, {"type": "Feature", "properties": {"site": "Île Amédée", "zone": "Abords de Nouméa - Numbo", "latitude": -22.477, "longitude": 166.466167, "et": null, "date_ch": 2016, "phma": 1.88, "pmve": 1.5, "pmme": null, "nm": 1.03, "bmve": 0.5, "bmme": null, "pbma": 0.17, "rf": "Repère de nivellement SHOM, scellé dans le mur de soubassement des sanitaires.", "organisme": "Shom", "date_rf": null, "rf_zh": 2.973, "rf_ref": null, "zh_ref": null, "zh_elli": 58.154, "reference": null}, "geometry": null}, {"type": "Feature", "properties": {"site": "Baie Iré", "zone": "Abords de Nouméa - Numbo", "latitude": -22.408333, "longitude": 166.8, "et": null, "date_ch": null, "phma": null, "pmve": 1.2, "pmme": null, "nm": 0.79, "bmve": 0.35, "bmme": null, "pbma": null, "rf": "Repère scellé dans la roche.", "organisme": "Shom", "date_rf": null, "rf_zh": 1.404, "rf_ref": null, "zh_ref": null, "zh_elli": null, "reference": null}, "geometry": null}, {"type": "Feature", "properties": {"site": "Passe Nokoué", "zone": "Abords de Nouméa - Numbo", "latitude": -22.4575, "longitude": 166.778833, "et": null, "date_ch": null, "phma": null, "pmve": 1.35, "pmme": null, "nm": 0.86, "bmve": 0.4, "bmme": null, "pbma": null, "rf": "pas de rattachement", "organisme": null, "date_rf": null, "rf_zh": null, "rf_ref": null, "zh_ref": null, "zh_elli": null, "reference": null}, "geometry": null}, {"type": "Feature", "properties": {"site": "Baie Ouara", "zone": "Abords de Nouméa - Numbo", "latitude": -22.423, "longitude": 166.843333, "et": null, "date_ch": 2012, "phma": 1.43, "pmve": 1.15, "pmme": null, "nm": 0.78, "bmve": 0.4, "bmme": null, "pbma": 0.09, "rf": "pas de rattachement", "organisme": null, "date_rf": null, "rf_zh": null, "rf_ref": null, "zh_ref": null, "zh_elli": null, "reference": null}, "geometry": null}, {"type": "Feature", "properties": {"site": "Îlot Mato", "zone": "Abords de Nouméa - Numbo", "latitude": -22.552, "longitude": 166.786667, "et": null, "date_ch": 2023, "phma": 1.58, "pmve": 1.3, "pmme": null, "nm": 0.88, "bmve": 0.45, "bmme": null, "pbma": 0.15, "rf": "Repère de nivellement SH scellé verticalement dans un rocher au pied du mont Mato au sud-est de l'îlot.", "organisme": "Shom", "date_rf": null, "rf_zh": 2.11, "rf_ref": null, "zh_ref": null, "zh_elli": 58.974, "reference": null}, "geometry": null}, {"type": "Feature", "properties": {"site": "Îlot N'Do", "zone": "Abords de Nouméa - Numbo", "latitude": -22.683333, "longitude": 166.971833, "et": null, "date_ch": 2019, "phma": 1.45, "pmve": 1.15, "pmme": null, "nm": 0.8, "bmve": 0.4, "bmme": null, "pbma": 0.09, "rf": "Douille Shom scellée verticalement dans un tube en aluminium situé sur la pointe ouest de l'îlot.", "organisme": "Shom", "date_rf": null, "rf_zh": 2.761, "rf_ref": null, "zh_ref": null, "zh_elli": 58.81, "reference": null}, "geometry": null}, {"type": "Feature", "properties": {"site": "Îlot Kouaré", "zone": "Abords de Nouméa - Numbo", "latitude": -22.774667, "longitude": 166.793333, "et": null, "date_ch": null, "phma": null, "pmve": 1.35, "pmme": null, "nm": null, "bmve": 0.35, "bmme": null, "pbma": null, "rf": "pas de rattachement", "organisme": null, "date_rf": null, "rf_zh": null, "rf_ref": null, "zh_ref": null, "zh_elli": null, "reference": null}, "geometry": null}, {"type": "Feature", "properties": {"site": "Îlot N'Da", "zone": "Abords de Nouméa - Numbo", "latitude": -22.846667, "longitude": 166.875, "et": null, "date_ch": null, "phma": null, "pmve": 1.3, "pmme": null, "nm": null, "bmve": 0.4, "bmme": null, "pbma": null, "rf": "Douille SHOM scellée verticalement dans un tuyau métallique rempli de béton, planté verticalement dans du béton.", "organisme": "Shom", "date_rf": null, "rf_zh": 2.578, "rf_ref": null, "zh_ref": null, "zh_elli": 57.502, "reference": null}, "geometry": null}, {"type": "Feature", "properties": {"site": "Baie du Prony", "zone": "Abords de Nouméa - Numbo", "latitude": -22.313667, "longitude": 166.835667, "et": null, "date_ch": 2016, "phma": 1.41, "pmve": 1.1, "pmme": null, "nm": 0.76, "bmve": 0.35, "bmme": null, "pbma": 0.04, "rf": "Repère de nivellement SHOM scellé horizontalement dans un socle en ciment au sud du wharf en béton, à l'entrée du tunnel.", "organisme": "Shom", "date_rf": 2005, "rf_zh": 5.275, "rf_ref": 4.681, "zh_ref": -0.594, "zh_elli": 60.672, "reference": "NGNC"}, "geometry": null}, {"type": "Feature", "properties": {"site": "Port de Prony", "zone": "Abords de Nouméa - Numbo", "latitude": -22.348333, "longitude": 166.89, "et": null, "date_ch": 2011, "phma": 1.4, "pmve": 1.15, "pmme": null, "nm": 0.76, "bmve": 0.35, "bmme": null, "pbma": 0.05, "rf": "Axe et sommet de la tige filetée du pilier de béton jaune situé près du onvoyeur, accessible depuis la mer par une route située à mi-chemin des 2 quais.", "organisme": "Shom", "date_rf": 2006, "rf_zh": 14.512, "rf_ref": 13.929, "zh_ref": -0.583, "zh_elli": 60.328, "reference": "NGNC"}, "geometry": null}, {"type": "Feature", "properties": {"site": "Port Boisé", "zone": "Abords de Nouméa - Numbo", "latitude": -22.348333, "longitude": 166.963333, "et": null, "date_ch": 2013, "phma": 1.33, "pmve": 1.05, "pmme": null, "nm": 0.76, "bmve": 0.35, "bmme": null, "pbma": 0.09, "rf": "Cbl3m3-008a", "organisme": "DITTT", "date_rf": 2005, "rf_zh": 29.286, "rf_ref": 28.704, "zh_ref": -0.582, "zh_elli": 60.611, "reference": "NGNC"}, "geometry": null}, {"type": "Feature", "properties": {"site": "Goro", "zone": "Abords de Nouméa - Numbo", "latitude": -22.307333, "longitude": 167.010167, "et": null, "date_ch": 2021, "phma": 1.36, "pmve": 1.1, "pmme": null, "nm": 0.78, "bmve": 0.35, "bmme": null, "pbma": 0.09, "rf": "Repère en bronze scellé dans le socle Sud Ouest de la pile Sud Est du tapis de roulement.", "organisme": "Shom", "date_rf": 2005, "rf_zh": 3.66, "rf_ref": 3.068, "zh_ref": -0.592, "zh_elli": null, "reference": "NGNC"}, "geometry": null}, {"type": "Feature", "properties": {"site": "Îlot N'Dié", "zone": "Abords de Nouméa - Numbo", "latitude": -22.52, "longitude": 167.194333, "et": null, "date_ch": 2022, "phma": 1.44, "pmve": 1.2, "pmme": null, "nm": 0.88, "bmve": 0.5, "bmme": null, "pbma": 0.18, "rf": "Repère SH scellé horizontalement dans un tube PVC rempli de béton et en partie enterré, situé dans le nord-ouest de l’îlot. Repère nommé RA2 lors de la campagne 0281/585 (1980).", "organisme": "Shom", "date_rf": null, "rf_zh": 4.063, "rf_ref": null, "zh_ref": null, "zh_elli": 60.001, "reference": null}, "geometry": null}, {"type": "Feature", "properties": {"site": "Eouma", "zone": "Abords de Nouméa - Numbo", "latitude": -22.54, "longitude": 167.405333, "et": null, "date_ch": null, "phma": null, "pmve": 1.35, "pmme": null, "nm": null, "bmve": 0.5, "bmme": null, "pbma": null, "rf": "Repère en bronze marqué SH scellé dans le corail mort à l'extrémité Sud de l'îlot EOUMA.", "organisme": "Shom", "date_rf": null, "rf_zh": 3.59, "rf_ref": null, "zh_ref": null, "zh_elli": null, "reference": null}, "geometry": null}, {"type": "Feature", "properties": {"site": "Baie de Kuto", "zone": "Abords de Nouméa - Numbo", "latitude": -22.660333, "longitude": 167.437167, "et": null, "date_ch": null, "phma": 1.45, "pmve": 1.2, "pmme": null, "nm": 0.81, "bmve": 0.4, "bmme": null, "pbma": 0.12, "rf": "Douille SHOM implantée verticalement au sud du nouveau wharf de Kuto, proche de la première marche de l'escalier qui mène à la passerelle en bois.", "organisme": "Shom", "date_rf": 2005, "rf_zh": 4.165, "rf_ref": 3.342, "zh_ref": -0.823, "zh_elli": 59.259, "reference": "NGNC"}, "geometry": null}, {"type": "Feature", "properties": {"site": "Thio", "zone": "Abords de Thio", "latitude": -21.612833, "longitude": 166.248333, "et": null, "date_ch": 2017, "phma": 1.74, "pmve": 1.4, "pmme": null, "nm": 1.03, "bmve": 0.5, "bmme": null, "pbma": 0.13, "rf": "S5-505", "organisme": "DITTT", "date_rf": 2005, "rf_zh": 6.853, "rf_ref": 6.072, "zh_ref": -0.781, "zh_elli": 61.862, "reference": "NGNC"}, "geometry": null}, {"type": "Feature", "properties": {"site": "Île Huon", "zone": "Abords de Thio", "latitude": -18.044444, "longitude": 162.955278, "et": null, "date_ch": null, "phma": null, "pmve": null, "pmme": null, "nm": null, "bmve": null, "bmme": null, "pbma": null, "rf": "Repère de nivellement type S.H. scellé dans la stèle TRANSIT 1982 (l'ancienne inscription HUON n° 1 n'est plus visible). Il s'agit de la stèle située au milieu de l'île.", "organisme": "Shom", "date_rf": 2016, "rf_zh": 7.619, "rf_ref": 7.012, "zh_ref": -0.607, "zh_elli": 62.078, "reference": "NGNC"}, "geometry": null}, {"type": "Feature", "properties": {"site": "Île Leizour", "zone": "Abords de Thio", "latitude": -18.288611, "longitude": 163.038611, "et": null, "date_ch": null, "phma": null, "pmve": null, "pmme": null, "nm": null, "bmve": null, "bmme": null, "pbma": null, "rf": "Repère de nivellement type S.H. scellé dans la stèle Transit marquée 0050 MOP 1981.", "organisme": "Shom", "date_rf": null, "rf_zh": 3.757, "rf_ref": null, "zh_ref": null, "zh_elli": null, "reference": null}, "geometry": null}, {"type": "Feature", "properties": {"site": "Île Surprise", "zone": "Abords de Thio", "latitude": -18.479483, "longitude": 163.085917, "et": null, "date_ch": 2021, "phma": 1.85, "pmve": 1.4, "pmme": null, "nm": 1.1, "bmve": 0.65, "bmme": null, "pbma": 0.15, "rf": "Repère de nivellement de type SHOM scellé dans le soubassement de l'abri météo, marqué 4-MOP-81.", "organisme": "Shom", "date_rf": null, "rf_zh": 3.41, "rf_ref": null, "zh_ref": null, "zh_elli": 61.995, "reference": null}, "geometry": null}, {"type": "Feature", "properties": {"site": "Uala (Île Art)", "zone": "Abords de Thio", "latitude": -19.72, "longitude": 163.64, "et": null, "date_ch": 2018, "phma": 1.8, "pmve": 1.4, "pmme": null, "nm": 1.08, "bmve": 0.55, "bmme": null, "pbma": 0.14, "rf": "Douille SHOM scellée horizontalement dans un ponceau de la route à environ 150 m du wharf de Uala en direction de la mairie.", "organisme": "Shom", "date_rf": 2010, "rf_zh": 3.163, "rf_ref": 2.191, "zh_ref": -0.972, "zh_elli": 60.709, "reference": "NGNC"}, "geometry": null}, {"type": "Feature", "properties": {"site": "Yandé", "zone": "Abords de Thio", "latitude": -20.042167, "longitude": 163.790667, "et": null, "date_ch": null, "phma": 1.55, "pmve": 1.25, "pmme": null, "nm": 0.89, "bmve": 0.35, "bmme": null, "pbma": 0, "rf": "Repère de nivellement de type SHOM scellé au nord-est de la dalle béton du radier situé sur la piste allant du village de Hwa On à la cale de Wobwanyo.", "organisme": "Shom", "date_rf": 2005, "rf_zh": 2.021, "rf_ref": 1.133, "zh_ref": -0.888, "zh_elli": 59.987, "reference": "NGNC"}, "geometry": null}, {"type": "Feature", "properties": {"site": "Poingam", "zone": "Abords de Thio", "latitude": -20.076667, "longitude": 164.025, "et": null, "date_ch": null, "phma": 1.53, "pmve": 1.25, "pmme": null, "nm": 0.9, "bmve": 0.35, "bmme": null, "pbma": -0.02, "rf": "Ec-005", "organisme": "DITTT", "date_rf": 2005, "rf_zh": 3.683, "rf_ref": 2.968, "zh_ref": -0.715, "zh_elli": 60.81, "reference": "NGNC"}, "geometry": null}, {"type": "Feature", "properties": {"site": "Arama", "zone": "Abords de Thio", "latitude": -20.245, "longitude": 164.206667, "et": null, "date_ch": null, "phma": null, "pmve": null, "pmme": null, "nm": null, "bmve": null, "bmme": null, "pbma": null, "rf": "Eac-020", "organisme": "DITTT", "date_rf": 2005, "rf_zh": 6.168, "rf_ref": 5.429, "zh_ref": -0.739, "zh_elli": null, "reference": "NGNC"}, "geometry": null}, {"type": "Feature", "properties": {"site": "Pam", "zone": "Abords de Thio", "latitude": -20.243333, "longitude": 164.306667, "et": null, "date_ch": null, "phma": null, "pmve": null, "pmme": null, "nm": null, "bmve": null, "bmme": null, "pbma": null, "rf": "Repère de type S.H scellé dans le pilier nord du porche de l'ancienne usine de Pam.", "organisme": "Shom", "date_rf": null, "rf_zh": 3.745, "rf_ref": null, "zh_ref": null, "zh_elli": 61.455, "reference": null}, "geometry": null}, {"type": "Feature", "properties": {"site": "Mahamaté", "zone": "Abords de Thio", "latitude": -20.293667, "longitude": 164.484167, "et": null, "date_ch": 2010, "phma": 1.61, "pmve": 1.35, "pmme": null, "nm": 0.99, "bmve": 0.5, "bmme": null, "pbma": 0.15, "rf": "Repère de nivellement SHOM scellé horizontalement dans un poteau électrique en ciment (n°39/A4) situé à l’embranchement de la piste d’accès à la plage de Mahamate.", "organisme": "Shom", "date_rf": 1997, "rf_zh": 5.027, "rf_ref": 4.265, "zh_ref": -0.762, "zh_elli": 61.493, "reference": "NGNC"}, "geometry": null}, {"type": "Feature", "properties": {"site": "Pouébo", "zone": "Abords de Thio", "latitude": -20.378333, "longitude": 164.593333, "et": null, "date_ch": 2018, "phma": 1.62, "pmve": 1.3, "pmme": null, "nm": 0.98, "bmve": 0.5, "bmme": null, "pbma": 0.08, "rf": "N5-712", "organisme": "DITTT", "date_rf": 2012, "rf_zh": 3.724, "rf_ref": 3.061, "zh_ref": -0.663, "zh_elli": 61.804, "reference": "NGNC"}, "geometry": null}, {"type": "Feature", "properties": {"site": "Tao", "zone": "Abords de Thio", "latitude": -20.560833, "longitude": 164.808333, "et": null, "date_ch": 2023, "phma": 1.71, "pmve": 1.2, "pmme": null, "nm": 1.03, "bmve": 0.35, "bmme": null, "pbma": 0.15, "rf": "Repère de nivellement type SHOM scellé horizontalement dans le mur (extrémité Ouest).", "organisme": "Shom", "date_rf": 2005, "rf_zh": 1.94, "rf_ref": 1.203, "zh_ref": -0.737, "zh_elli": 62.221, "reference": "NGNC"}, "geometry": null}, {"type": "Feature", "properties": {"site": "Hienghène", "zone": "Abords de Thio", "latitude": -20.689917, "longitude": 164.945, "et": null, "date_ch": 2018, "phma": 1.71, "pmve": 1.35, "pmme": null, "nm": 1, "bmve": 0.5, "bmme": null, "pbma": 0.11, "rf": "N5-604", "organisme": "DITTT", "date_rf": 2010, "rf_zh": 2.386, "rf_ref": 1.623, "zh_ref": -0.763, "zh_elli": 62.25, "reference": "NGNC"}, "geometry": null}, {"type": "Feature", "properties": {"site": "Baie de Touho", "zone": "Abords de Thio", "latitude": -20.775, "longitude": 165.235833, "et": null, "date_ch": null, "phma": 1.68, "pmve": 1.3, "pmme": null, "nm": 0.95, "bmve": 0.4, "bmme": null, "pbma": -0.03, "rf": "Douille SHOM scellée horizontalement derrière la rampe du mur Ouest de la mairie de Touho.", "organisme": "Shom", "date_rf": 2011, "rf_zh": 4.421, "rf_ref": 3.597, "zh_ref": -0.824, "zh_elli": 62.07, "reference": "NGNC"}, "geometry": null}, {"type": "Feature", "properties": {"site": "Ponérihouen", "zone": "Abords de Thio", "latitude": -21.06, "longitude": 165.407667, "et": null, "date_ch": 2019, "phma": 1.67, "pmve": 1.35, "pmme": null, "nm": 1.02, "bmve": 0.5, "bmme": null, "pbma": 0.13, "rf": "Repère Fondamental scellé verticalement sur la RPN3 à 30 m à l'ouest de la cale.", "organisme": "Shom", "date_rf": 2005, "rf_zh": 2.959, "rf_ref": 2.258, "zh_ref": -0.701, "zh_elli": null, "reference": "NGNC"}, "geometry": null}, {"type": "Feature", "properties": {"site": "Poro", "zone": "Abords de Thio", "latitude": -21.305, "longitude": 165.718333, "et": null, "date_ch": 2017, "phma": 1.46, "pmve": 1.25, "pmme": null, "nm": 0.88, "bmve": 0.4, "bmme": null, "pbma": 0.05, "rf": "AD-284", "organisme": "DITTT", "date_rf": 2005, "rf_zh": 4.51, "rf_ref": 3.908, "zh_ref": -0.602, "zh_elli": 62.011, "reference": "NGNC"}, "geometry": null}, {"type": "Feature", "properties": {"site": "Kouaoua", "zone": "Abords de Thio", "latitude": -21.4, "longitude": 165.83, "et": null, "date_ch": null, "phma": 1.5, "pmve": 1.25, "pmme": null, "nm": 0.9, "bmve": 0.4, "bmme": null, "pbma": 0.05, "rf": "AD-231eI", "organisme": "DITTT", "date_rf": 2005, "rf_zh": 2.111, "rf_ref": 1.385, "zh_ref": -0.726, "zh_elli": null, "reference": "NGNC"}, "geometry": null}, {"type": "Feature", "properties": {"site": "Melace", "zone": "Abords de Thio", "latitude": -21.408667, "longitude": 165.9545, "et": null, "date_ch": null, "phma": null, "pmve": null, "pmme": null, "nm": null, "bmve": null, "bmme": null, "pbma": null, "rf": "Repère de fabrication locale, scellé dans le rocher sur la falaise fermant au Sud Ouest la plage de MELACE.", "organisme": "Shom", "date_rf": null, "rf_zh": 3.1, "rf_ref": null, "zh_ref": null, "zh_elli": null, "reference": null}, "geometry": null}, {"type": "Feature", "properties": {"site": "Amata", "zone": "Abords de Thio", "latitude": -21.461167, "longitude": 165.9715, "et": null, "date_ch": null, "phma": null, "pmve": null, "pmme": null, "nm": null, "bmve": null, "bmme": null, "pbma": null, "rf": "Repère en bronze scellé dans la roche.", "organisme": "Shom", "date_rf": null, "rf_zh": 2.982, "rf_ref": null, "zh_ref": null, "zh_elli": 62.137, "reference": null}, "geometry": null}, {"type": "Feature", "properties": {"site": "Baie de Nakety", "zone": "Abords de Thio", "latitude": -21.521, "longitude": 166.089667, "et": null, "date_ch": null, "phma": null, "pmve": null, "pmme": null, "nm": null, "bmve": null, "bmme": null, "pbma": null, "rf": "Douille scellée dans le sol de l'appentis contigu au dock", "organisme": "Shom", "date_rf": null, "rf_zh": 5.19, "rf_ref": null, "zh_ref": null, "zh_elli": null, "reference": null}, "geometry": null}, {"type": "Feature", "properties": {"site": "Port Bouquet (Île Nemou)", "zone": "Abords de Thio", "latitude": -21.672667, "longitude": 166.372333, "et": null, "date_ch": null, "phma": null, "pmve": null, "pmme": null, "nm": null, "bmve": null, "bmme": null, "pbma": null, "rf": "Repère en bronze marqué SH scellé dans faille du rocher sous un pin colonnaire.", "organisme": "Shom", "date_rf": null, "rf_zh": 2.817, "rf_ref": null, "zh_ref": null, "zh_elli": null, "reference": null}, "geometry": null}, {"type": "Feature", "properties": {"site": "Port-Combui", "zone": "Abords de Thio", "latitude": -21.806667, "longitude": 166.507167, "et": null, "date_ch": null, "phma": 1.55, "pmve": 1.2, "pmme": null, "nm": 0.87, "bmve": 0.4, "bmme": null, "pbma": 0.02, "rf": "Partie inférieure du repère SHOM scellé dans la falaise, dans le prolongement du wharf et à une distance de 200 m, à 3,50 m au dessus du sol.", "organisme": "Shom", "date_rf": 1982, "rf_zh": 6.875, "rf_ref": 6.116, "zh_ref": -0.759, "zh_elli": null, "reference": "NGNC"}, "geometry": null}, {"type": "Feature", "properties": {"site": "Baie de Kouakoué", "zone": "Abords de Thio", "latitude": -21.932833, "longitude": 166.669167, "et": null, "date_ch": null, "phma": 1.55, "pmve": 1.2, "pmme": null, "nm": 0.85, "bmve": 0.35, "bmme": null, "pbma": -0.04, "rf": "Repère SHOM scellé à 1 m au-dessus du sol dans une falaise située à 150 m de l'enracinement du wharf en direction du Sud.", "organisme": "Shom", "date_rf": null, "rf_zh": 2.037, "rf_ref": null, "zh_ref": null, "zh_elli": null, "reference": null}, "geometry": null}, {"type": "Feature", "properties": {"site": "Baie Ouinné", "zone": "Abords de Thio", "latitude": -21.982917, "longitude": 166.683333, "et": null, "date_ch": 2020, "phma": 1.75, "pmve": 1.4, "pmme": null, "nm": 1.01, "bmve": 0.5, "bmme": null, "pbma": 0.14, "rf": "Repère SHOM scellé à 1,40m au-dessus du sol dans un gros rocher en bordure de falaise, situé à 50m au Sud du wharf de Ouinné.", "organisme": "Shom", "date_rf": 1993, "rf_zh": 8.507, "rf_ref": 7.549, "zh_ref": -0.958, "zh_elli": 61.325, "reference": "NGNC"}, "geometry": null}, {"type": "Feature", "properties": {"site": "Rivière de Mamié (Entrée)", "zone": "Abords de Thio", "latitude": -22.05, "longitude": 166.8925, "et": null, "date_ch": 2016, "phma": 1.7, "pmve": 1.35, "pmme": null, "nm": 0.98, "bmve": 0.45, "bmme": null, "pbma": 0.13, "rf": "AD-015", "organisme": "DITTT", "date_rf": 2005, "rf_zh": 3.096, "rf_ref": 2.263, "zh_ref": -0.833, "zh_elli": 61.006, "reference": "NGNC"}, "geometry": null}, {"type": "Feature", "properties": {"site": "Yaté", "zone": "Abords de Thio", "latitude": -22.156667, "longitude": 166.931667, "et": null, "date_ch": 2023, "phma": 1.69, "pmve": 1.4, "pmme": null, "nm": 1.01, "bmve": 0.5, "bmme": null, "pbma": 0.15, "rf": "A'C'-087", "organisme": "DITTT", "date_rf": 2005, "rf_zh": 7.986, "rf_ref": 7.256, "zh_ref": -0.73, "zh_elli": 60.975, "reference": "NGNC"}, "geometry": null}, {"type": "Feature", "properties": {"site": "Wadrilla", "zone": "Abords de Thio", "latitude": -20.548833, "longitude": 166.561, "et": null, "date_ch": 2020, "phma": 1.81, "pmve": 1.45, "pmme": null, "nm": 1.05, "bmve": 0.5, "bmme": null, "pbma": 0.11, "rf": "I4-104", "organisme": "DITTT", "date_rf": 2005, "rf_zh": 5.702, "rf_ref": 4.702, "zh_ref": -1, "zh_elli": 62.085, "reference": "NGNC"}, "geometry": null}, {"type": "Feature", "properties": {"site": "Fayaoué", "zone": "Abords de Thio", "latitude": -20.648333, "longitude": 166.543333, "et": null, "date_ch": null, "phma": null, "pmve": null, "pmme": null, "nm": null, "bmve": null, "bmme": null, "pbma": null, "rf": "OV-015a", "organisme": "DITTT", "date_rf": 2005, "rf_zh": 6.006, "rf_ref": 4.957, "zh_ref": -1.049, "zh_elli": null, "reference": "NGNC"}, "geometry": null}, {"type": "Feature", "properties": {"site": "Chépénéhé", "zone": "Abords de Thio", "latitude": -20.781667, "longitude": 167.138333, "et": null, "date_ch": null, "phma": 1.46, "pmve": 1.2, "pmme": null, "nm": 0.88, "bmve": 0.4, "bmme": null, "pbma": 0.12, "rf": "I3-304", "organisme": "DITTT", "date_rf": 2005, "rf_zh": 3.138, "rf_ref": 2.229, "zh_ref": -0.909, "zh_elli": 61.832, "reference": "NGNC"}, "geometry": null}, {"type": "Feature", "properties": {"site": "Douéoulou", "zone": "Abords de Thio", "latitude": -20.925, "longitude": 167.083333, "et": null, "date_ch": null, "phma": 1.4, "pmve": 1.2, "pmme": null, "nm": 0.88, "bmve": 0.4, "bmme": null, "pbma": 0.09, "rf": "LF-171", "organisme": "DITTT", "date_rf": 2005, "rf_zh": 7.407, "rf_ref": 6.501, "zh_ref": -0.906, "zh_elli": null, "reference": "NGNC"}, "geometry": null}, {"type": "Feature", "properties": {"site": "Wé", "zone": "Abords de Thio", "latitude": -20.916667, "longitude": 167.266667, "et": null, "date_ch": 2018, "phma": 1.77, "pmve": 1.4, "pmme": null, "nm": 0.99, "bmve": 0.45, "bmme": null, "pbma": 0.08, "rf": "I3-003", "organisme": "DITTT", "date_rf": 2005, "rf_zh": 5.223, "rf_ref": 4.229, "zh_ref": -0.994, "zh_elli": 61.571, "reference": "NGNC"}, "geometry": null}, {"type": "Feature", "properties": {"site": "Tiga", "zone": "Abords de Thio", "latitude": -21.1, "longitude": 167.798333, "et": null, "date_ch": 2008, "phma": 1.7, "pmve": 1.35, "pmme": null, "nm": 0.98, "bmve": 0.45, "bmme": null, "pbma": 0.08, "rf": "I6-005", "organisme": "DITTT", "date_rf": 2005, "rf_zh": 6.526, "rf_ref": 5.639, "zh_ref": -0.887, "zh_elli": 59.534, "reference": "NGNC"}, "geometry": null}, {"type": "Feature", "properties": {"site": "Baie de Ro", "zone": "Abords de Thio", "latitude": -21.393333, "longitude": 167.87, "et": null, "date_ch": null, "phma": 1.57, "pmve": 1.3, "pmme": null, "nm": 0.93, "bmve": 0.45, "bmme": null, "pbma": 0.15, "rf": "Repère en bronze marqué SH, scellé horizontalement dans le rocher, au Nord Est et à environ 15 m de l'observatoire.", "organisme": "Shom", "date_rf": null, "rf_zh": 3.668, "rf_ref": null, "zh_ref": null, "zh_elli": null, "reference": null}, "geometry": null}, {"type": "Feature", "properties": {"site": "Baie de Tadine", "zone": "Abords de Thio", "latitude": -21.553333, "longitude": 167.88, "et": null, "date_ch": 2016, "phma": 1.65, "pmve": 1.35, "pmme": null, "nm": 0.96, "bmve": 0.45, "bmme": null, "pbma": 0.1, "rf": "I2-004", "organisme": "DITTT", "date_rf": 2005, "rf_zh": 2.86, "rf_ref": 1.781, "zh_ref": -1.079, "zh_elli": 60.305, "reference": "NGNC"}, "geometry": null}, {"type": "Feature", "properties": {"site": "La Roche", "zone": "Abords de Thio", "latitude": -21.461667, "longitude": 168.038333, "et": null, "date_ch": null, "phma": 1.62, "pmve": 1.4, "pmme": null, "nm": 0.99, "bmve": 0.45, "bmme": null, "pbma": 0.14, "rf": "MR-130c", "organisme": "DITTT", "date_rf": 2005, "rf_zh": 2.17, "rf_ref": 1.18, "zh_ref": -0.99, "zh_elli": null, "reference": "NGNC"}, "geometry": null}, {"type": "Feature", "properties": {"site": "Mata-Utu", "zone": "Abords de Mata-Utu", "latitude": -13.285, "longitude": -176.17, "et": null, "date_ch": 2018, "phma": 2.27, "pmve": 1.95, "pmme": 1.65, "nm": 1.26, "bmve": 0.55, "bmme": 0.85, "pbma": 0.25, "rf": "WL-012", "organisme": "DITTT", "date_rf": 2006, "rf_zh": 3.826, "rf_ref": 2.683, "zh_ref": -1.143, "zh_elli": 39.419, "reference": "NGWF"}, "geometry": null}, {"type": "Feature", "properties": {"site": "Halalo", "zone": "Abords de Mata-Utu", "latitude": -13.341667, "longitude": -176.225, "et": null, "date_ch": 2011, "phma": 2.11, "pmve": 1.85, "pmme": 1.65, "nm": 1.23, "bmve": 0.55, "bmme": 0.8, "pbma": 0.29, "rf": "Douille scellée à l'extrémité du petit wharf situé au Nord de la cale de halage.", "organisme": "Shom", "date_rf": 1996, "rf_zh": 2.31, "rf_ref": 1.176, "zh_ref": -1.134, "zh_elli": 39.46, "reference": "NGWF"}, "geometry": null}, {"type": "Feature", "properties": {"site": "Leava (Futuna)", "zone": "Abords de Mata-Utu", "latitude": -14.296667, "longitude": -178.163333, "et": null, "date_ch": 2016, "phma": 2.18, "pmve": 1.85, "pmme": 1.55, "nm": 1.13, "bmve": 0.45, "bmme": 0.7, "pbma": 0.12, "rf": "FT-000b", "organisme": "DITTT", "date_rf": 2010, "rf_zh": 4.077, "rf_ref": 3.167, "zh_ref": -0.91, "zh_elli": 45.844, "reference": "NGWF"}, "geometry": null}, {"type": "Feature", "properties": {"site": "Papeete", "zone": "Abords de Papeete", "latitude": -17.533333, "longitude": -149.57, "et": null, "date_ch": null, "phma": 0.73, "pmve": 0.65, "pmme": 0.55, "nm": 0.51, "bmve": 0.4, "bmme": 0.45, "pbma": 0.34, "rf": "Repère de nivellement de forme cylindrique scellé dans le quai. Repère pérenne.", "organisme": "Shom", "date_rf": 2003, "rf_zh": 1.299, "rf_ref": 0.871, "zh_ref": -0.428, "zh_elli": 7.986, "reference": "IGN66"}, "geometry": null}, {"type": "Feature", "properties": {"site": "Matavai", "zone": "Abords de Papeete", "latitude": -17.516667, "longitude": -149.516667, "et": null, "date_ch": null, "phma": 0.47, "pmve": 0.4, "pmme": 0.35, "nm": 0.3, "bmve": 0.2, "bmme": 0.25, "pbma": 0.14, "rf": "Repère de nivellement SHOM scellé dans le mur Est du nouveau temple.", "organisme": "Shom", "date_rf": 1991, "rf_zh": 3.086, "rf_ref": 2.801, "zh_ref": -0.285, "zh_elli": 7.82, "reference": "NGT"}, "geometry": null}, {"type": "Feature", "properties": {"site": "Tiarei", "zone": "Abords de Papeete", "latitude": -17.535, "longitude": -149.340167, "et": null, "date_ch": null, "phma": null, "pmve": 0.65, "pmme": 0.55, "nm": 0.45, "bmve": 0.3, "bmme": 0.4, "pbma": null, "rf": "Repère scellé dans le mur du temple de TIAREI.", "organisme": "Shom", "date_rf": 1972, "rf_zh": 3.606, "rf_ref": 3.235, "zh_ref": -0.371, "zh_elli": null, "reference": "NGT"}, "geometry": null}, {"type": "Feature", "properties": {"site": "Hitiaa", "zone": "Abords de Papeete", "latitude": -17.611, "longitude": -149.2995, "et": null, "date_ch": null, "phma": null, "pmve": null, "pmme": null, "nm": null, "bmve": null, "bmme": null, "pbma": null, "rf": "Goujon scellé dans le pignon Est du temple (coin Nord).", "organisme": "Shom", "date_rf": 1972, "rf_zh": 1.855, "rf_ref": 1.555, "zh_ref": -0.3, "zh_elli": null, "reference": "NGT"}, "geometry": null}, {"type": "Feature", "properties": {"site": "Faratea Taravao", "zone": "Abords de Papeete", "latitude": -17.722167, "longitude": -149.302833, "et": null, "date_ch": 2022, "phma": 0.73, "pmve": 0.55, "pmme": 0.5, "nm": 0.4, "bmve": 0.25, "bmme": 0.3, "pbma": 0.16, "rf": "RN 576-2", "organisme": "SAU Polynésie", "date_rf": 2014, "rf_zh": 2.578, "rf_ref": 2.314, "zh_ref": -0.264, "zh_elli": 8.255, "reference": "NGPF"}, "geometry": null}, {"type": "Feature", "properties": {"site": "Tautira", "zone": "Abords de Papeete", "latitude": -17.755167, "longitude": -149.156667, "et": null, "date_ch": 2021, "phma": 0.65, "pmve": 0.55, "pmme": 0.5, "nm": 0.41, "bmve": 0.3, "bmme": 0.35, "pbma": 0.17, "rf": "RN 669", "organisme": "SAU Polynésie", "date_rf": 2001, "rf_zh": 2.813, "rf_ref": 2.549, "zh_ref": -0.264, "zh_elli": 6.841, "reference": "NGPF"}, "geometry": null}, {"type": "Feature", "properties": {"site": "Vairao Oututaata", "zone": "Abords de Papeete", "latitude": -17.808, "longitude": -149.294333, "et": null, "date_ch": 2018, "phma": 0.84, "pmve": 0.75, "pmme": 0.6, "nm": 0.54, "bmve": 0.4, "bmme": 0.45, "pbma": 0.28, "rf": "Douille SHOM scellée verticalement dans la terrasse du bâtiment de direction du centre océanologique du Pacifique de l’Ifremer.", "organisme": "Shom", "date_rf": 2016, "rf_zh": 1.978, "rf_ref": 1.563, "zh_ref": -0.415, "zh_elli": 7.758, "reference": "NGPF"}, "geometry": null}, {"type": "Feature", "properties": {"site": "Vaiare", "zone": "Abords de Papeete", "latitude": -17.52, "longitude": -149.78, "et": null, "date_ch": 2023, "phma": 0.63, "pmve": 0.5, "pmme": 0.45, "nm": 0.39, "bmve": 0.3, "bmme": 0.35, "pbma": 0.19, "rf": "RN 262", "organisme": "SAU Polynésie", "date_rf": 2001, "rf_zh": 1.443, "rf_ref": 1.247, "zh_ref": -0.196, "zh_elli": 7.266, "reference": "NGPF"}, "geometry": null}, {"type": "Feature", "properties": {"site": "Mataiea", "zone": "Abords de Papeete", "latitude": -17.761667, "longitude": -149.378667, "et": null, "date_ch": 2023, "phma": 0.94, "pmve": 0.85, "pmme": 0.7, "nm": 0.63, "bmve": 0.5, "bmme": 0.55, "pbma": 0.36, "rf": "Repère de nivellement SHOM scellé horizontalement dans le bas de la façade Nord-Est du restaurant du musée Paul Gauguin.", "organisme": "Shom", "date_rf": 2001, "rf_zh": 1.815, "rf_ref": 1.328, "zh_ref": -0.487, "zh_elli": null, "reference": "NGPF"}, "geometry": null}, {"type": "Feature", "properties": {"site": "Papara", "zone": "Abords de Papeete", "latitude": -17.755, "longitude": -149.542778, "et": null, "date_ch": null, "phma": null, "pmve": null, "pmme": null, "nm": null, "bmve": null, "bmme": null, "pbma": null, "rf": "Repère NGT Mle 45 scellé dans le mur de la façade de la maison de réunion de la mission protestante (PK 31,46).", "organisme": "Shom", "date_rf": 1966, "rf_zh": 6.26, "rf_ref": 5.84, "zh_ref": -0.42, "zh_elli": null, "reference": "NGT"}, "geometry": null}, {"type": "Feature", "properties": {"site": "Paea-Maraa", "zone": "Abords de Papeete", "latitude": -17.743056, "longitude": -149.574444, "et": null, "date_ch": null, "phma": null, "pmve": null, "pmme": null, "nm": null, "bmve": null, "bmme": null, "pbma": null, "rf": "Repère scellé sur pile du pont.", "organisme": "Shom", "date_rf": null, "rf_zh": 2.645, "rf_ref": 2.221, "zh_ref": -0.424, "zh_elli": null, "reference": "NGT"}, "geometry": null}, {"type": "Feature", "properties": {"site": "Haapiti", "zone": "Abords de Papeete", "latitude": -17.571667, "longitude": -149.866667, "et": null, "date_ch": null, "phma": 0.61, "pmve": 0.55, "pmme": 0.5, "nm": 0.4, "bmve": 0.3, "bmme": 0.35, "pbma": 0.23, "rf": "Douille SHOM scellée verticalement à l'extrémité Ouest du quai du village de Haapiti.", "organisme": "Shom", "date_rf": null, "rf_zh": 1.284, "rf_ref": null, "zh_ref": null, "zh_elli": 6.456, "reference": null}, "geometry": null}, {"type": "Feature", "properties": {"site": "Papetoai", "zone": "Abords de Papeete", "latitude": -17.491667, "longitude": -149.871667, "et": null, "date_ch": 2013, "phma": 0.66, "pmve": 0.6, "pmme": 0.45, "nm": 0.47, "bmve": 0.4, "bmme": 0.4, "pbma": 0.33, "rf": "RN 226", "organisme": "SAU Polynésie", "date_rf": 2007, "rf_zh": 4.485, "rf_ref": 4.157, "zh_ref": -0.328, "zh_elli": 6.384, "reference": "NGPF"}, "geometry": null}, {"type": "Feature", "properties": {"site": "Mouillage de Fare", "zone": "Abords de Papeete", "latitude": -16.716667, "longitude": -151.033333, "et": null, "date_ch": null, "phma": 0.55, "pmve": 0.4, "pmme": 0.35, "nm": 0.31, "bmve": 0.2, "bmme": 0.25, "pbma": 0.13, "rf": "Douille SHOM scellée verticalement près de la cale de mise à l’eau de la gendarmerie de Fare. Repère pérenne.", "organisme": "Shom", "date_rf": 2017, "rf_zh": 1.042, "rf_ref": 0.773, "zh_ref": -0.269, "zh_elli": 7.97, "reference": "NGPF"}, "geometry": null}, {"type": "Feature", "properties": {"site": "Vaitape", "zone": "Abords de Papeete", "latitude": -16.5075, "longitude": -151.753333, "et": null, "date_ch": 2010, "phma": 0.36, "pmve": 0.35, "pmme": 0.3, "nm": 0.23, "bmve": 0.1, "bmme": 0.2, "pbma": 0.04, "rf": "RN 1", "organisme": "SAU Polynésie", "date_rf": 2013, "rf_zh": 1.928, "rf_ref": 1.728, "zh_ref": -0.2, "zh_elli": 9.633, "reference": "NGPF"}, "geometry": null}, {"type": "Feature", "properties": {"site": "Uturoa", "zone": "Abords de Papeete", "latitude": -16.728833, "longitude": -151.442833, "et": null, "date_ch": 2023, "phma": 0.73, "pmve": 0.6, "pmme": 0.6, "nm": 0.58, "bmve": 0.55, "bmme": 0.6, "pbma": 0.45, "rf": "Douille SHOM en laiton scellée horizontalement dans le pignon Nord-Ouest de l'église.", "organisme": "Shom", "date_rf": 2001, "rf_zh": 1.608, "rf_ref": 1.108, "zh_ref": -0.5, "zh_elli": 9.515, "reference": "NGPF"}, "geometry": null}, {"type": "Feature", "properties": {"site": "Raivavae", "zone": "Abords de Raivavae", "latitude": -23.859333, "longitude": -147.6855, "et": null, "date_ch": 2021, "phma": 0.99, "pmve": 0.9, "pmme": 0.75, "nm": 0.67, "bmve": 0.4, "bmme": 0.6, "pbma": 0.33, "rf": "Douille SHOM scellée dans l'escalier d'accès au bureau de la gendarmerie de Rairua.", "organisme": "Shom", "date_rf": null, "rf_zh": 2.239, "rf_ref": null, "zh_ref": null, "zh_elli": -1.861, "reference": null}, "geometry": null}, {"type": "Feature", "properties": {"site": "Rapa", "zone": "Abords de Raivavae", "latitude": -27.6145, "longitude": -144.320833, "et": null, "date_ch": null, "phma": 0.98, "pmve": 0.8, "pmme": 0.6, "nm": 0.5, "bmve": 0.15, "bmme": 0.4, "pbma": -0.07, "rf": "Repère en bronze de type Shom scellé horizontalement dans la paroi rocheuse face au quai de Temotuiri.", "organisme": "Shom", "date_rf": 2007, "rf_zh": 2.278, "rf_ref": 1.703, "zh_ref": -0.575, "zh_elli": -2.497, "reference": "LOCAL"}, "geometry": null}, {"type": "Feature", "properties": {"site": "Mataura", "zone": "Abords de Raivavae", "latitude": -23.344167, "longitude": -149.4855, "et": null, "date_ch": null, "phma": null, "pmve": null, "pmme": null, "nm": null, "bmve": null, "bmme": null, "pbma": null, "rf": "3 ème marche de l'escalier Est du quai de MATAURA.", "organisme": "Shom", "date_rf": 1969, "rf_zh": 1.06, "rf_ref": 0, "zh_ref": -1.06, "zh_elli": null, "reference": "LOCAL"}, "geometry": null}, {"type": "Feature", "properties": {"site": "Rochers Noirs - Tubuai", "zone": "Abords de Raivavae", "latitude": -23.3405, "longitude": -149.475167, "et": null, "date_ch": 2019, "phma": 1.1, "pmve": 1, "pmme": 0.85, "nm": 0.75, "bmve": 0.5, "bmme": 0.65, "pbma": 0.39, "rf": "Douille Shom scellée horizontalement dans le trottoir Nord de la salle d'attente du quai de Taahuaia. Repère pérenne.", "organisme": "Shom", "date_rf": 2006, "rf_zh": 1.952, "rf_ref": 1.084, "zh_ref": -0.868, "zh_elli": -0.514, "reference": "RGPF"}, "geometry": null}, {"type": "Feature", "properties": {"site": "Moerai", "zone": "Abords de Raivavae", "latitude": -22.45, "longitude": -151.341667, "et": null, "date_ch": null, "phma": 1.02, "pmve": 0.8, "pmme": 0.65, "nm": 0.51, "bmve": 0.2, "bmme": 0.4, "pbma": 0.01, "rf": "Balise DORIS installée sur une borne en béton de 1m3 construite sur le terrain appartenant à l'aviation civile et à proximité de la tour de contrôle.", "organisme": "Shom", "date_rf": null, "rf_zh": 7.672, "rf_ref": null, "zh_ref": null, "zh_elli": 1.624, "reference": null}, "geometry": null}, {"type": "Feature", "properties": {"site": "Rimatara", "zone": "Abords de Raivavae", "latitude": -22.635833, "longitude": -152.8, "et": null, "date_ch": null, "phma": null, "pmve": null, "pmme": null, "nm": null, "bmve": null, "bmme": null, "pbma": null, "rf": "Repère SHOM scellé dans un bloc de corail surplombant le terre-plein, sur la partie Est de l'accès au quai.", "organisme": "Shom", "date_rf": null, "rf_zh": 4.32, "rf_ref": null, "zh_ref": null, "zh_elli": 2.369, "reference": null}, "geometry": null}, {"type": "Feature", "properties": {"site": "Rikitea", "zone": "Îles Gambier", "latitude": -23.116667, "longitude": -134.966667, "et": null, "date_ch": 2019, "phma": 1.22, "pmve": 1, "pmme": 0.9, "nm": 0.68, "bmve": 0.35, "bmme": 0.45, "pbma": 0.17, "rf": "Repère de nivellement type SHOM scellé horizontalement dans le mur Est (coin S.E.) de la cathédrale de Rikitea.", "organisme": "Shom", "date_rf": null, "rf_zh": 9.791, "rf_ref": null, "zh_ref": null, "zh_elli": -8.068, "reference": null}, "geometry": null}, {"type": "Feature", "properties": {"site": "Mururoa", "zone": "Abords de Mururoa", "latitude": -21.833333, "longitude": -138.783333, "et": null, "date_ch": 2020, "phma": 1.24, "pmve": 1.1, "pmme": 0.9, "nm": 0.71, "bmve": 0.3, "bmme": 0.6, "pbma": 0.19, "rf": "Douille en laiton Shom scellée horizontalement dans le mur du Blockhaus Anémone.", "organisme": "Shom", "date_rf": null, "rf_zh": 3.293, "rf_ref": null, "zh_ref": null, "zh_elli": -8.537, "reference": null}, "geometry": null}, {"type": "Feature", "properties": {"site": "Tuherahera (Tikehau)", "zone": "Abords de Mururoa", "latitude": -15.113333, "longitude": -148.240833, "et": null, "date_ch": null, "phma": 0.59, "pmve": null, "pmme": null, "nm": 0.55, "bmve": null, "bmme": null, "pbma": 0.39, "rf": "Douille SHOM scellée verticalement à la moitié du wharf de Tuherahera côté ouest.", "organisme": "Shom", "date_rf": null, "rf_zh": 1.219, "rf_ref": null, "zh_ref": null, "zh_elli": 3.151, "reference": null}, "geometry": null}, {"type": "Feature", "properties": {"site": "Avatoru lagon", "zone": "Abords de Mururoa", "latitude": -14.95, "longitude": -147.7, "et": null, "date_ch": 2015, "phma": 0.68, "pmve": 0.6, "pmme": 0.55, "nm": 0.44, "bmve": 0.25, "bmme": 0.35, "pbma": 0.2, "rf": "Sommet du culot d'une douille de 40 mm scellée dans le pied d'une stèle.", "organisme": "Shom", "date_rf": null, "rf_zh": 1.921, "rf_ref": null, "zh_ref": null, "zh_elli": 3.143, "reference": null}, "geometry": null}, {"type": "Feature", "properties": {"site": "Rangiroa (aéroport)", "zone": "Abords de Mururoa", "latitude": -14.958333, "longitude": -147.658333, "et": null, "date_ch": null, "phma": null, "pmve": null, "pmme": null, "nm": null, "bmve": null, "bmme": null, "pbma": null, "rf": "Boulon hexagonal en acier, scellé horizontalement dans le muret de soutènement au niveau du slip de l'aéroport.", "organisme": "Shom", "date_rf": null, "rf_zh": 1.616, "rf_ref": null, "zh_ref": null, "zh_elli": 3.145, "reference": null}, "geometry": null}, {"type": "Feature", "properties": {"site": "Tiputa", "zone": "Abords de Mururoa", "latitude": -14.980333, "longitude": -147.63, "et": null, "date_ch": null, "phma": null, "pmve": null, "pmme": null, "nm": null, "bmve": null, "bmme": null, "pbma": null, "rf": "Repère de nivellement avec méplat sur le dessus, de type SHOM scellé horizontalement dans le soubassement du bâtiment de la Poste (OPT) de Tiputa.", "organisme": "Shom", "date_rf": null, "rf_zh": 2.867, "rf_ref": null, "zh_ref": null, "zh_elli": 3.014, "reference": null}, "geometry": null}, {"type": "Feature", "properties": {"site": "Paio", "zone": "Abords de Mururoa", "latitude": -15.02, "longitude": -147.76, "et": null, "date_ch": null, "phma": null, "pmve": null, "pmme": null, "nm": null, "bmve": null, "bmme": null, "pbma": null, "rf": "Douille géodésique en laiton, type SHOM, scellée verticalement dans une borne en ciment sur le MOTU PAIO, gravée \"ROSE\"", "organisme": "Shom", "date_rf": null, "rf_zh": 1.767, "rf_ref": null, "zh_ref": null, "zh_elli": 3.827, "reference": null}, "geometry": null}, {"type": "Feature", "properties": {"site": "Rangiroa (lagon bleu)", "zone": "Abords de Mururoa", "latitude": -15.1, "longitude": -147.925, "et": null, "date_ch": null, "phma": null, "pmve": null, "pmme": null, "nm": null, "bmve": null, "bmme": null, "pbma": null, "rf": "Douille géodésique SHOM en laiton, scellée verticalement et coffrée dans un tube PVC, dans le corail à la pointe Sud-Est du récif situé entre le Lagon Bleu et le lagon de Rangiroa.", "organisme": "Shom", "date_rf": null, "rf_zh": 0.796, "rf_ref": null, "zh_ref": null, "zh_elli": 3.338, "reference": null}, "geometry": null}, {"type": "Feature", "properties": {"site": "Ahe", "zone": "Abords de Mururoa", "latitude": -14.538, "longitude": -146.357167, "et": null, "date_ch": 2022, "phma": 0.69, "pmve": 0.6, "pmme": 0.55, "nm": 0.44, "bmve": 0.25, "bmme": 0.3, "pbma": 0.23, "rf": "Douille SHOM scellée horizontalement dans le muret de l'habitation voisine du magasin, face au fare pote.", "organisme": "Shom", "date_rf": null, "rf_zh": 1.423, "rf_ref": null, "zh_ref": null, "zh_elli": 0.427, "reference": null}, "geometry": null}, {"type": "Feature", "properties": {"site": "Teavaroa", "zone": "Abords de Mururoa", "latitude": -14.474667, "longitude": -145.037167, "et": null, "date_ch": null, "phma": 0.87, "pmve": 0.8, "pmme": 0.7, "nm": 0.49, "bmve": 0.15, "bmme": 0.3, "pbma": 0.12, "rf": "Repère en bronze type SHOM scellé horizontalement dans le mur Sud de la mairie.", "organisme": "Shom", "date_rf": null, "rf_zh": 2.226, "rf_ref": null, "zh_ref": null, "zh_elli": null, "reference": null}, "geometry": null}, {"type": "Feature", "properties": {"site": "Makatea", "zone": "Abords de Mururoa", "latitude": -15.822778, "longitude": -148.280556, "et": null, "date_ch": null, "phma": 0.53, "pmve": 0.5, "pmme": 0.4, "nm": 0.3, "bmve": 0.1, "bmme": 0.25, "pbma": 0.08, "rf": "pas de rattachement", "organisme": null, "date_rf": null, "rf_zh": null, "rf_ref": null, "zh_ref": null, "zh_elli": null, "reference": null}, "geometry": null}, {"type": "Feature", "properties": {"site": "Arutua", "zone": "Abords de Mururoa", "latitude": -15.366667, "longitude": -146.616667, "et": null, "date_ch": null, "phma": 0.83, "pmve": 0.7, "pmme": 0.6, "nm": 0.52, "bmve": 0.4, "bmme": 0.5, "pbma": 0.25, "rf": "Douille SHOM scellée verticalement sur le débarcadère du village de Rautini", "organisme": "Shom", "date_rf": null, "rf_zh": 1.3, "rf_ref": null, "zh_ref": null, "zh_elli": 1.294, "reference": null}, "geometry": null}, {"type": "Feature", "properties": {"site": "Tehere", "zone": "Abords de Mururoa", "latitude": -15.316667, "longitude": -146.4, "et": null, "date_ch": null, "phma": 0.33, "pmve": 0.3, "pmme": 0.25, "nm": 0.2, "bmve": 0.05, "bmme": 0.15, "pbma": 0.02, "rf": "Repère SHOM scellé horizontalement dans la borne géodésique \"PITATE\".", "organisme": "Shom", "date_rf": null, "rf_zh": 1.049, "rf_ref": null, "zh_ref": null, "zh_elli": null, "reference": null}, "geometry": null}, {"type": "Feature", "properties": {"site": "Niutahi", "zone": "Abords de Mururoa", "latitude": -15.568, "longitude": -146.41, "et": null, "date_ch": null, "phma": null, "pmve": null, "pmme": null, "nm": null, "bmve": null, "bmme": null, "pbma": null, "rf": "Repère de nivellement SHOM scellé horizontalement dans l’angle sud-ouest de la poste d'Apataki.", "organisme": "Shom", "date_rf": null, "rf_zh": 1.29, "rf_ref": null, "zh_ref": null, "zh_elli": 1.237, "reference": null}, "geometry": null}, {"type": "Feature", "properties": {"site": "Anse Amyot", "zone": "Abords de Mururoa", "latitude": -15.804167, "longitude": -146.152167, "et": null, "date_ch": null, "phma": null, "pmve": null, "pmme": null, "nm": null, "bmve": null, "bmme": null, "pbma": null, "rf": "Sommet d'une tige en fer scellée dans le corail au milieu d'un tube en PVC, au Sud Ouest de la passe d'entrée de l'Anse Amyot sur le Motu Katuri (Borne AMI 3).", "organisme": "Shom", "date_rf": null, "rf_zh": 1.804, "rf_ref": null, "zh_ref": null, "zh_elli": null, "reference": null}, "geometry": null}, {"type": "Feature", "properties": {"site": "Toau", "zone": "Abords de Mururoa", "latitude": -15.866667, "longitude": -145.916667, "et": null, "date_ch": null, "phma": 0.92, "pmve": 0.8, "pmme": 0.75, "nm": 0.6, "bmve": 0.4, "bmme": 0.5, "pbma": 0.28, "rf": "Borne MARAGAI douille de type SHOM cimentée et gravée \"MOP 20/9/94 MRY BSW\".", "organisme": "Shom", "date_rf": null, "rf_zh": 1.488, "rf_ref": null, "zh_ref": null, "zh_elli": 0.452, "reference": null}, "geometry": null}, {"type": "Feature", "properties": {"site": "Aratika (camp)", "zone": "Abords de Mururoa", "latitude": -15.470833, "longitude": -145.535833, "et": null, "date_ch": null, "phma": null, "pmve": null, "pmme": null, "nm": null, "bmve": null, "bmme": null, "pbma": null, "rf": "Repère de type SHOM scellé horizontalement dans l'embase du fût cimenté le plus à l'Est de l'ancien ponton au Nord-Est du Lagon.", "organisme": "Shom", "date_rf": null, "rf_zh": 0.626, "rf_ref": null, "zh_ref": null, "zh_elli": null, "reference": null}, "geometry": null}, {"type": "Feature", "properties": {"site": "Aratika (village)", "zone": "Abords de Mururoa", "latitude": -15.505333, "longitude": -145.456333, "et": null, "date_ch": null, "phma": null, "pmve": null, "pmme": null, "nm": null, "bmve": null, "bmme": null, "pbma": null, "rf": "Repère fondamental type SHOM scellé horizontalement dans l'angle Ouest du soubassement de la maison communale  du village Paparara.", "organisme": "Shom", "date_rf": null, "rf_zh": 1.489, "rf_ref": null, "zh_ref": null, "zh_elli": null, "reference": null}, "geometry": null}, {"type": "Feature", "properties": {"site": "Niau", "zone": "Abords de Mururoa", "latitude": -16.133333, "longitude": -146.333333, "et": null, "date_ch": null, "phma": null, "pmve": null, "pmme": null, "nm": null, "bmve": null, "bmme": null, "pbma": null, "rf": "Repère fondamental. Douille SHOM scellée verticalement, dans l'angle Ouest du muret de la darse de Tupana.", "organisme": "Shom", "date_rf": null, "rf_zh": 1.897, "rf_ref": null, "zh_ref": null, "zh_elli": 0.533, "reference": null}, "geometry": null}, {"type": "Feature", "properties": {"site": "Kauehi", "zone": "Abords de Mururoa", "latitude": -15.825, "longitude": -145.111667, "et": null, "date_ch": null, "phma": null, "pmve": null, "pmme": null, "nm": null, "bmve": null, "bmme": null, "pbma": null, "rf": "Borne « Paimpolaise », douille de type SHOM scellée verticalement et marquée « MOP87 » qui se trouve à environ 300m sur la droite du chemin qui part de l’église vers le Nord.", "organisme": "Shom", "date_rf": null, "rf_zh": 0.911, "rf_ref": null, "zh_ref": null, "zh_elli": -0.421, "reference": null}, "geometry": null}, {"type": "Feature", "properties": {"site": "Rotoava", "zone": "Abords de Mururoa", "latitude": -16.055833, "longitude": -145.62, "et": null, "date_ch": 2017, "phma": 0.79, "pmve": 0.7, "pmme": 0.65, "nm": 0.5, "bmve": 0.25, "bmme": 0.35, "pbma": 0.23, "rf": "Vis scellée horizontalement dans le bâtiment le plus ancien de l'école primaire, à proximité de l'escalier (façade ouest). Repère pérenne.", "organisme": "Shom", "date_rf": null, "rf_zh": 1.438, "rf_ref": null, "zh_ref": null, "zh_elli": 0.167, "reference": null}, "geometry": null}, {"type": "Feature", "properties": {"site": "Motu Vahapiapia", "zone": "Abords de Mururoa", "latitude": -16.2595, "longitude": -145.6225, "et": null, "date_ch": null, "phma": 0.66, "pmve": 0.6, "pmme": 0.4, "nm": 0.35, "bmve": 0.1, "bmme": 0.2, "pbma": 0.07, "rf": "Repère en laiton gravé \"SH\" scellé sur le sommet d'un rocher à l'Est de la plage de débarquement du motu VAHAPIAPIA.", "organisme": "Shom", "date_rf": null, "rf_zh": 0.96, "rf_ref": null, "zh_ref": null, "zh_elli": null, "reference": null}, "geometry": null}, {"type": "Feature", "properties": {"site": "Tetamanu", "zone": "Abords de Mururoa", "latitude": -16.5, "longitude": -145.466667, "et": null, "date_ch": null, "phma": 0.73, "pmve": 0.7, "pmme": 0.6, "nm": 0.44, "bmve": 0.2, "bmme": 0.3, "pbma": 0.19, "rf": "Repère fondamental. Douille SHOM marquée \"MANU-01\", scellée dans le coin droit de la marche en béton, délimitant le début du ponton.", "organisme": "Shom", "date_rf": null, "rf_zh": 0.769, "rf_ref": null, "zh_ref": null, "zh_elli": -0.349, "reference": null}, "geometry": null}, {"type": "Feature", "properties": {"site": "Raraka", "zone": "Abords de Mururoa", "latitude": -16.098333, "longitude": -144.95, "et": null, "date_ch": null, "phma": null, "pmve": null, "pmme": null, "nm": null, "bmve": null, "bmme": null, "pbma": null, "rf": "Douille SHOM scellée horizontalement sur le mur Est de la rampe d'accès à l'Office des Postes et Télécommunications. Repère fondamental.", "organisme": "Shom", "date_rf": null, "rf_zh": 1.998, "rf_ref": null, "zh_ref": null, "zh_elli": -0.69, "reference": null}, "geometry": null}, {"type": "Feature", "properties": {"site": "Katiu", "zone": "Abords de Mururoa", "latitude": -16.368889, "longitude": -144.354722, "et": null, "date_ch": null, "phma": null, "pmve": null, "pmme": null, "nm": null, "bmve": null, "bmme": null, "pbma": null, "rf": "Douille SHOM scellée verticalement sur le sommet de la bitte d’amarrage située au sud du quai.", "organisme": "Shom", "date_rf": null, "rf_zh": 2.409, "rf_ref": null, "zh_ref": null, "zh_elli": -1.109, "reference": null}, "geometry": null}, {"type": "Feature", "properties": {"site": "Faaite", "zone": "Abords de Mururoa", "latitude": -16.701667, "longitude": -145.355, "et": null, "date_ch": null, "phma": null, "pmve": null, "pmme": null, "nm": null, "bmve": null, "bmme": null, "pbma": null, "rf": "Douille SHOM scellée horizontalement dans le mur d'enceinte (côté passe) de l'école d'Hitianau.", "organisme": "Shom", "date_rf": null, "rf_zh": 2.111, "rf_ref": null, "zh_ref": null, "zh_elli": -0.944, "reference": null}, "geometry": null}, {"type": "Feature", "properties": {"site": "Raroia", "zone": "Abords de Mururoa", "latitude": -16.045, "longitude": -142.471667, "et": null, "date_ch": null, "phma": null, "pmve": null, "pmme": null, "nm": null, "bmve": null, "bmme": null, "pbma": null, "rf": "Douille de nivellement scellée horizontalement, sur la façade sud du hangar à coprah", "organisme": "Shom", "date_rf": null, "rf_zh": 1.812, "rf_ref": null, "zh_ref": null, "zh_elli": -3.459, "reference": null}, "geometry": null}, {"type": "Feature", "properties": {"site": "Taenga", "zone": "Abords de Mururoa", "latitude": -16.361667, "longitude": -143.186667, "et": null, "date_ch": null, "phma": null, "pmve": null, "pmme": null, "nm": null, "bmve": null, "bmme": null, "pbma": null, "rf": "Douille SHOM scellée verticalement dans le coin Nord Ouest du quai.", "organisme": "Shom", "date_rf": null, "rf_zh": 1.688, "rf_ref": null, "zh_ref": null, "zh_elli": -3.238, "reference": null}, "geometry": null}, {"type": "Feature", "properties": {"site": "Makemo", "zone": "Abords de Mururoa", "latitude": -16.628333, "longitude": -143.566667, "et": null, "date_ch": 2018, "phma": 1.08, "pmve": 0.85, "pmme": 0.75, "nm": 0.64, "bmve": 0.45, "bmme": 0.45, "pbma": 0.38, "rf": "Repère de nivellement type SHOM scellé horizontalement dans le mur SE de la maison de l’artisanat de Pouheva. Repère pérenne.", "organisme": "Shom", "date_rf": null, "rf_zh": 2.369, "rf_ref": null, "zh_ref": null, "zh_elli": -2.21, "reference": null}, "geometry": null}, {"type": "Feature", "properties": {"site": "Tahanea", "zone": "Abords de Mururoa", "latitude": -16.866667, "longitude": -144.666667, "et": null, "date_ch": null, "phma": 0.91, "pmve": 0.8, "pmme": 0.8, "nm": 0.6, "bmve": 0.4, "bmme": 0.45, "pbma": 0.31, "rf": "Douille de fusil scellée dans un bloc de corail isolé, côté océan, dans le prolongement du \"hoa\" jouxtant l'ancien village de Kari Karina.", "organisme": "Shom", "date_rf": null, "rf_zh": 2.547, "rf_ref": null, "zh_ref": null, "zh_elli": -1.49, "reference": null}, "geometry": null}, {"type": "Feature", "properties": {"site": "Mututunga", "zone": "Abords de Mururoa", "latitude": -17.0625, "longitude": -144.402778, "et": null, "date_ch": null, "phma": null, "pmve": null, "pmme": null, "nm": null, "bmve": null, "bmme": null, "pbma": null, "rf": "Repère de nivellement \"SHOM\" scellé horizontalement sur le soubassement de la citerne Est, face Sud.", "organisme": "Shom", "date_rf": null, "rf_zh": 2.191, "rf_ref": null, "zh_ref": null, "zh_elli": -1.995, "reference": null}, "geometry": null}, {"type": "Feature", "properties": {"site": "Amanu", "zone": "Abords de Mururoa", "latitude": -17.845, "longitude": -140.851667, "et": null, "date_ch": null, "phma": null, "pmve": null, "pmme": null, "nm": null, "bmve": null, "bmme": null, "pbma": null, "rf": "Douille de 20 mm marquée MHPF scellée dans le mur Ouest de la citerne située sur le quai d'Ikitake.", "organisme": "Shom", "date_rf": null, "rf_zh": 1.698, "rf_ref": null, "zh_ref": null, "zh_elli": -5.962, "reference": null}, "geometry": null}, {"type": "Feature", "properties": {"site": "Hao (Passe Kaki)", "zone": "Abords de Mururoa", "latitude": -18.0725, "longitude": -141, "et": null, "date_ch": 2008, "phma": 1.16, "pmve": 1.1, "pmme": 0.95, "nm": 0.8, "bmve": 0.5, "bmme": 0.7, "pbma": 0.49, "rf": "pas de rattachement", "organisme": null, "date_rf": null, "rf_zh": null, "rf_ref": null, "zh_ref": null, "zh_elli": null, "reference": null}, "geometry": null}, {"type": "Feature", "properties": {"site": "Hao (quai Louarn)", "zone": "Abords de Mururoa", "latitude": -18.065, "longitude": -140.966667, "et": null, "date_ch": 2023, "phma": null, "pmve": null, "pmme": null, "nm": null, "bmve": null, "bmme": null, "pbma": null, "rf": "HAO - RN 5", "organisme": "SAU Polynésie", "date_rf": 2015, "rf_zh": 2.505, "rf_ref": 1.776, "zh_ref": -0.729, "zh_elli": -5.64, "reference": "NGPF"}, "geometry": null}, {"type": "Feature", "properties": {"site": "Tureia", "zone": "Abords de Mururoa", "latitude": -20.7725, "longitude": -138.568667, "et": null, "date_ch": 2014, "phma": 1.37, "pmve": 1.2, "pmme": 1, "nm": 0.84, "bmve": 0.4, "bmme": 0.7, "pbma": 0.3, "rf": "Douille SHOM dont la tête de douille n'existe plus, scellée verticalement dans un joint de dalle de béton de l'ancien héliport.", "organisme": "Shom", "date_rf": null, "rf_zh": 3.906, "rf_ref": null, "zh_ref": null, "zh_elli": -8.393, "reference": null}, "geometry": null}, {"type": "Feature", "properties": {"site": "Mururoa (Faucon)", "zone": "Abords de Mururoa", "latitude": -21.8815, "longitude": -139.036388, "et": null, "date_ch": null, "phma": null, "pmve": null, "pmme": null, "nm": null, "bmve": null, "bmme": null, "pbma": null, "rf": "Boulon scellé dans l'angle Nord Ouest du quai.", "organisme": "Shom", "date_rf": null, "rf_zh": 1.4, "rf_ref": null, "zh_ref": null, "zh_elli": null, "reference": null}, "geometry": null}, {"type": "Feature", "properties": {"site": "Mururoa (Hortensia)", "zone": "Abords de Mururoa", "latitude": -21.862333, "longitude": -138.991167, "et": null, "date_ch": null, "phma": null, "pmve": null, "pmme": null, "nm": null, "bmve": null, "bmme": null, "pbma": null, "rf": "Repère S.H. de nivellement scellé au sommet du gros rocher à proximité du beaching (1962).", "organisme": "Shom", "date_rf": null, "rf_zh": 1.108, "rf_ref": null, "zh_ref": null, "zh_elli": null, "reference": null}, "geometry": null}, {"type": "Feature", "properties": {"site": "Mururoa (Giroflée)", "zone": "Abords de Mururoa", "latitude": -21.84, "longitude": -138.948333, "et": null, "date_ch": null, "phma": null, "pmve": null, "pmme": null, "nm": null, "bmve": null, "bmme": null, "pbma": null, "rf": "Repère de nivellement du type SHOM scellé horizontalement dans le mur d'enceinte Nord Est de l'îlot Giroflée.", "organisme": "Shom", "date_rf": null, "rf_zh": 2.78, "rf_ref": null, "zh_ref": null, "zh_elli": null, "reference": null}, "geometry": null}, {"type": "Feature", "properties": {"site": "Fangataufa (Frégate)", "zone": "Abords de Mururoa", "latitude": -22.228333, "longitude": -138.713333, "et": null, "date_ch": 2019, "phma": 1.1, "pmve": 1, "pmme": 0.85, "nm": 0.67, "bmve": 0.3, "bmme": 0.55, "pbma": 0.21, "rf": "Repère type SHOM scellé horizontalement dans la première marche de l'escalier extérieur du PEA Frégate (blockhaus).", "organisme": "Shom", "date_rf": null, "rf_zh": 2.77, "rf_ref": null, "zh_ref": null, "zh_elli": -8.68, "reference": null}, "geometry": null}, {"type": "Feature", "properties": {"site": "Fangataufa (large)", "zone": "Abords de Mururoa", "latitude": -22.2, "longitude": -138.766667, "et": null, "date_ch": null, "phma": 0.96, "pmve": 0.8, "pmme": 0.7, "nm": 0.54, "bmve": 0.2, "bmme": 0.4, "pbma": 0.12, "rf": "Tube de 20 m/m scellé dans une borne en ciment à l'Est de la passe, côté lagon, (sommet du repère).", "organisme": "Shom", "date_rf": null, "rf_zh": null, "rf_ref": null, "zh_ref": null, "zh_elli": null, "reference": null}, "geometry": null}, {"type": "Feature", "properties": {"site": "Taiohae", "zone": "Abords de Taiohae", "latitude": -8.916667, "longitude": -140.1, "et": null, "date_ch": null, "phma": 1.68, "pmve": 1.4, "pmme": 1.2, "nm": 0.84, "bmve": 0.3, "bmme": 0.4, "pbma": 0.06, "rf": "Repère SHOM scellé horizontalement dans le mur du bâtiment servant de prison et au service du cadastre. Repère pérenne.", "organisme": "Shom", "date_rf": null, "rf_zh": 6.727, "rf_ref": null, "zh_ref": null, "zh_elli": 4.626, "reference": null}, "geometry": null}, {"type": "Feature", "properties": {"site": "Île Eiao", "zone": "Abords de Taiohae", "latitude": -7.983333, "longitude": -140.708333, "et": null, "date_ch": null, "phma": 1.59, "pmve": 1.3, "pmme": 1.2, "nm": 0.76, "bmve": 0.2, "bmme": 0.3, "pbma": -0.02, "rf": "Douille \"MOP 96\" de type SHOM scellée verticalement dans un rocher à proximité du repère de tirant d'air, au fond de la baie de Vaituha.", "organisme": "Shom", "date_rf": null, "rf_zh": 2.481, "rf_ref": null, "zh_ref": null, "zh_elli": 4.067, "reference": null}, "geometry": null}, {"type": "Feature", "properties": {"site": "Haopu", "zone": "Abords de Taiohae", "latitude": -8.825, "longitude": -140.246667, "et": null, "date_ch": null, "phma": null, "pmve": null, "pmme": null, "nm": null, "bmve": null, "bmme": null, "pbma": null, "rf": "Repère en bronze gravé S.H.O.M. scellé dans l'angle Nord Ouest de la dalle de béton supportant la baraque des T.P.", "organisme": "Shom", "date_rf": null, "rf_zh": 6.516, "rf_ref": null, "zh_ref": null, "zh_elli": null, "reference": null}, "geometry": null}, {"type": "Feature", "properties": {"site": "Hatiheu", "zone": "Abords de Taiohae", "latitude": -8.815167, "longitude": -140.085833, "et": null, "date_ch": null, "phma": null, "pmve": null, "pmme": null, "nm": null, "bmve": null, "bmme": null, "pbma": null, "rf": "Douille SHOM scellée verticalement dans une dalle en béton située à proximité de l'église. Repère pérenne.", "organisme": "Shom", "date_rf": null, "rf_zh": 5.089, "rf_ref": null, "zh_ref": null, "zh_elli": null, "reference": null}, "geometry": null}, {"type": "Feature", "properties": {"site": "Aotupa", "zone": "Abords de Taiohae", "latitude": -8.9275, "longitude": -140.115, "et": null, "date_ch": null, "phma": null, "pmve": null, "pmme": null, "nm": null, "bmve": null, "bmme": null, "pbma": null, "rf": "Douille de 40 mm marquée MHPF 61 - origine des cotes \" la partie supérieure de la douille\".", "organisme": "Shom", "date_rf": null, "rf_zh": 3.712, "rf_ref": null, "zh_ref": null, "zh_elli": null, "reference": null}, "geometry": null}, {"type": "Feature", "properties": {"site": "Hane", "zone": "Abords de Taiohae", "latitude": -8.928333, "longitude": -139.533333, "et": null, "date_ch": null, "phma": null, "pmve": null, "pmme": null, "nm": null, "bmve": null, "bmme": null, "pbma": null, "rf": "Repère type S.H.O.M. scellé horizontalement dans la falaise à proximité du débarcadère.", "organisme": "Shom", "date_rf": null, "rf_zh": 4.223, "rf_ref": null, "zh_ref": null, "zh_elli": null, "reference": null}, "geometry": null}, {"type": "Feature", "properties": {"site": "Hakahau", "zone": "Abords de Taiohae", "latitude": -9.3575, "longitude": -140.046667, "et": null, "date_ch": null, "phma": null, "pmve": null, "pmme": null, "nm": null, "bmve": null, "bmme": null, "pbma": null, "rf": "Repère Shom scellé horizontalement dans la falaise 100 mètres au sud du quai du village de Hakahau.", "organisme": "Shom", "date_rf": null, "rf_zh": 5.857, "rf_ref": null, "zh_ref": null, "zh_elli": 2.426, "reference": null}, "geometry": null}, {"type": "Feature", "properties": {"site": "Hakatao", "zone": "Abords de Taiohae", "latitude": -9.450833, "longitude": -140.085833, "et": null, "date_ch": null, "phma": null, "pmve": null, "pmme": null, "nm": null, "bmve": null, "bmme": null, "pbma": null, "rf": "Repère de nivellement SHOM scellé dans le mur de l'atelier de réparations des bateaux.", "organisme": "Shom", "date_rf": null, "rf_zh": 4.086, "rf_ref": null, "zh_ref": null, "zh_elli": null, "reference": null}, "geometry": null}, {"type": "Feature", "properties": {"site": "Hanaiapa", "zone": "Abords de Taiohae", "latitude": -9.715, "longitude": -139.015, "et": null, "date_ch": null, "phma": null, "pmve": null, "pmme": null, "nm": null, "bmve": null, "bmme": null, "pbma": null, "rf": "Repère SHOM scellé horizontalement dans le coin NE du préau de l'école de Hanaiapa.", "organisme": "Shom", "date_rf": null, "rf_zh": 11.038, "rf_ref": null, "zh_ref": null, "zh_elli": 2.869, "reference": null}, "geometry": null}, {"type": "Feature", "properties": {"site": "Puamau", "zone": "Abords de Taiohae", "latitude": -9.765, "longitude": -138.878333, "et": null, "date_ch": null, "phma": null, "pmve": null, "pmme": null, "nm": null, "bmve": null, "bmme": null, "pbma": null, "rf": "Repère en bronze de type SHOM scellé dans le soubassement de l'église.", "organisme": "Shom", "date_rf": null, "rf_zh": 7.749, "rf_ref": null, "zh_ref": null, "zh_elli": null, "reference": null}, "geometry": null}, {"type": "Feature", "properties": {"site": "Atuona", "zone": "Abords de Taiohae", "latitude": -9.805, "longitude": -139.031667, "et": null, "date_ch": null, "phma": 1.67, "pmve": 1.4, "pmme": 1.2, "nm": 0.84, "bmve": 0.35, "bmme": 0.4, "pbma": 0.09, "rf": "Repère de type SHOM scellé dans la base du phare de la pointe FEKI.", "organisme": "Shom", "date_rf": null, "rf_zh": 45.988, "rf_ref": null, "zh_ref": null, "zh_elli": 3.277, "reference": null}, "geometry": null}, {"type": "Feature", "properties": {"site": "Vaitahu", "zone": "Abords de Taiohae", "latitude": -9.935, "longitude": -139.11, "et": null, "date_ch": null, "phma": null, "pmve": 1.4, "pmme": 1.2, "nm": null, "bmve": 0.3, "bmme": 0.4, "pbma": null, "rf": "Boulon hexagonal en acier scellé verticalement dans une marche en bordure de l'angle SW de la chapelle de Vaitahu.", "organisme": "Shom", "date_rf": null, "rf_zh": 4.718, "rf_ref": null, "zh_ref": null, "zh_elli": 2.121, "reference": null}, "geometry": null}, {"type": "Feature", "properties": {"site": "Hanavave", "zone": "Abords de Taiohae", "latitude": -10.465, "longitude": -138.666667, "et": null, "date_ch": null, "phma": null, "pmve": null, "pmme": null, "nm": null, "bmve": null, "bmme": null, "pbma": null, "rf": "Repère de l'observatoire, repère en bronze de type S.H.O.M scellé dans le mur du clocher de l'église.", "organisme": "Shom", "date_rf": null, "rf_zh": 7.13, "rf_ref": null, "zh_ref": null, "zh_elli": null, "reference": null}, "geometry": null}, {"type": "Feature", "properties": {"site": "Omoa", "zone": "Abords de Taiohae", "latitude": -10.511667, "longitude": -138.6875, "et": null, "date_ch": null, "phma": null, "pmve": null, "pmme": null, "nm": null, "bmve": null, "bmme": null, "pbma": null, "rf": "Repère SHOM en bronze scellé horizontalement dans le parapet du débarcadère.", "organisme": "Shom", "date_rf": null, "rf_zh": 4.73, "rf_ref": null, "zh_ref": null, "zh_elli": null, "reference": null}, "geometry": null}, {"type": "Feature", "properties": {"site": "Clipperton", "zone": "Atoll de Clipperton", "latitude": 10.288167, "longitude": -109.204, "et": null, "date_ch": 2014, "phma": 1.6, "pmve": 1.25, "pmme": null, "nm": 0.93, "bmve": 0.6, "bmme": null, "pbma": 0.24, "rf": "Clou d’arpentage planté dans une patate de corail située sur le plateau à 50 m dans le 025° de l’épave se trouvant au sud du Rocher Clipperton. Ce clou correspond au repère 1 (CLIP02) de la  fiche géodésique « Océan Pacifique nord-est – Sud atoll de Clipperton – CLIP02 et CLIP03 »  du 23 octobre 2013. Repère non pérenne", "organisme": "Shom", "date_rf": null, "rf_zh": 2.82, "rf_ref": null, "zh_ref": null, "zh_elli": -26.59, "reference": null}, "geometry": null}, {"type": "Feature", "properties": {"site": "Lagon de Clipperton", "zone": "Atoll de Clipperton", "latitude": 10.296667, "longitude": -109.216667, "et": null, "date_ch": null, "phma": null, "pmve": null, "pmme": null, "nm": null, "bmve": null, "bmme": null, "pbma": null, "rf": "Douille SHOM scellée verticalement dans un bloc de corail, au SE du Rocher et correspondant au repère CLIP04 de la fiche géodésique « Clipperton – Le Rocher ».Repère pérenne.", "organisme": "Shom", "date_rf": null, "rf_zh": 1.2, "rf_ref": null, "zh_ref": null, "zh_elli": -26.06, "reference": null}, "geometry": null}]}